experiment_id,dataset,seed,rank,eta,observable_policy,accuracy,macro_f1,runtime_seconds,entanglement_entropy_proxy,did_interaction_delta,pareto_utility_J_eta
EXP_SIM_2_ENTANGLE_OBS_DID,FASHION_MNIST_PROXY,7,16,0.0,fixed_pauli_subset,0.9444444444444444,0.9445673541857195,0.09095048904418945,0.0,,
EXP_SIM_2_ENTANGLE_OBS_DID,FASHION_MNIST_PROXY,7,16,0.0,greedy_operator_optimized,0.9444444444444444,0.9444013822777164,0.014088153839111328,0.0,,
EXP_SIM_2_ENTANGLE_OBS_DID,FASHION_MNIST_PROXY,7,16,0.25,fixed_pauli_subset,0.95,0.9502042743584068,0.016741514205932617,0.2,,
EXP_SIM_2_ENTANGLE_OBS_DID,FASHION_MNIST_PROXY,7,16,0.25,greedy_operator_optimized,0.95,0.9501167827559625,0.026177644729614258,0.2,,
EXP_SIM_2_ENTANGLE_OBS_DID,FASHION_MNIST_PROXY,7,16,0.5,fixed_pauli_subset,0.95,0.9502042743584068,0.018981218338012695,0.4,,
EXP_SIM_2_ENTANGLE_OBS_DID,FASHION_MNIST_PROXY,7,16,0.5,greedy_operator_optimized,0.95,0.9501167827559625,0.020221233367919922,0.4,,
EXP_SIM_2_ENTANGLE_OBS_DID,FASHION_MNIST_PROXY,7,16,0.75,fixed_pauli_subset,0.9361111111111111,0.9363487113152009,0.02323627471923828,0.6000000000000001,,
EXP_SIM_2_ENTANGLE_OBS_DID,FASHION_MNIST_PROXY,7,16,0.75,greedy_operator_optimized,0.9388888888888889,0.9389955396536527,0.018187761306762695,0.6000000000000001,,
EXP_SIM_2_ENTANGLE_OBS_DID,FASHION_MNIST_PROXY,7,16,1.0,fixed_pauli_subset,0.9388888888888889,0.9392447976262119,0.02245044708251953,0.8,,
EXP_SIM_2_ENTANGLE_OBS_DID,FASHION_MNIST_PROXY,7,16,1.0,greedy_operator_optimized,0.9361111111111111,0.9365158130024904,0.0228421688079834,0.8,,
EXP_SIM_2_ENTANGLE_OBS_DID,FASHION_MNIST_PROXY,7,16,0.0,did_summary,,,,0.0,0.0,0.9433940580156114
EXP_SIM_2_ENTANGLE_OBS_DID,FASHION_MNIST_PROXY,7,16,0.25,did_summary,,,,0.2,0.0,0.9495708084106445
EXP_SIM_2_ENTANGLE_OBS_DID,FASHION_MNIST_PROXY,7,16,0.5,did_summary,,,,0.4,0.0,0.9496079754829406
EXP_SIM_2_ENTANGLE_OBS_DID,FASHION_MNIST_PROXY,7,16,0.75,did_summary,,,,0.6000000000000001,0.002777777777777768,0.9384746485286288
EXP_SIM_2_ENTANGLE_OBS_DID,FASHION_MNIST_PROXY,7,16,1.0,did_summary,,,,0.8,-0.002777777777777768,0.9356581849522061
EXP_SIM_2_ENTANGLE_OBS_DID,FASHION_MNIST_PROXY,7,32,0.0,fixed_pauli_subset,0.8944444444444445,0.894400757659698,0.10747957229614258,0.0,,
EXP_SIM_2_ENTANGLE_OBS_DID,FASHION_MNIST_PROXY,7,32,0.0,greedy_operator_optimized,0.8972222222222223,0.8975338736868906,0.023339033126831055,0.0,,
EXP_SIM_2_ENTANGLE_OBS_DID,FASHION_MNIST_PROXY,7,32,0.25,fixed_pauli_subset,0.8722222222222222,0.8730751193914168,0.022693157196044922,0.2,,
EXP_SIM_2_ENTANGLE_OBS_DID,FASHION_MNIST_PROXY,7,32,0.25,greedy_operator_optimized,0.875,0.8759447928466603,0.022701740264892578,0.2,,
EXP_SIM_2_ENTANGLE_OBS_DID,FASHION_MNIST_PROXY,7,32,0.5,fixed_pauli_subset,0.8722222222222222,0.8730751193914168,0.02270364761352539,0.4,,
EXP_SIM_2_ENTANGLE_OBS_DID,FASHION_MNIST_PROXY,7,32,0.5,greedy_operator_optimized,0.875,0.8759447928466603,0.0296933650970459,0.4,,
EXP_SIM_2_ENTANGLE_OBS_DID,FASHION_MNIST_PROXY,7,32,0.75,fixed_pauli_subset,0.8638888888888889,0.8650186385743215,0.07075715065002441,0.6000000000000001,,
EXP_SIM_2_ENTANGLE_OBS_DID,FASHION_MNIST_PROXY,7,32,0.75,greedy_operator_optimized,0.8527777777777777,0.8544404806939969,0.10071420669555664,0.6000000000000001,,
EXP_SIM_2_ENTANGLE_OBS_DID,FASHION_MNIST_PROXY,7,32,1.0,fixed_pauli_subset,0.8416666666666667,0.8437947627892598,0.04168105125427246,0.8,,
EXP_SIM_2_ENTANGLE_OBS_DID,FASHION_MNIST_PROXY,7,32,1.0,greedy_operator_optimized,0.8333333333333334,0.8355351380560083,0.04674029350280762,0.8,,
EXP_SIM_2_ENTANGLE_OBS_DID,FASHION_MNIST_PROXY,7,32,0.0,did_summary,,,,0.0,0.0,0.8959140361679925
EXP_SIM_2_ENTANGLE_OBS_DID,FASHION_MNIST_PROXY,7,32,0.25,did_summary,,,,0.2,0.0,0.8745460510253906
EXP_SIM_2_ENTANGLE_OBS_DID,FASHION_MNIST_PROXY,7,32,0.5,did_summary,,,,0.4,0.0,0.8744760298728943
EXP_SIM_2_ENTANGLE_OBS_DID,FASHION_MNIST_PROXY,7,32,0.75,did_summary,,,,0.6000000000000001,-0.01388888888888895,0.851063064204322
EXP_SIM_2_ENTANGLE_OBS_DID,FASHION_MNIST_PROXY,7,32,1.0,did_summary,,,,0.8,-0.011111111111111072,0.8324491198857625
EXP_SIM_2_ENTANGLE_OBS_DID,FASHION_MNIST_PROXY,7,48,0.0,fixed_pauli_subset,0.8555555555555555,0.8548307689109208,0.11464047431945801,0.0,,
EXP_SIM_2_ENTANGLE_OBS_DID,FASHION_MNIST_PROXY,7,48,0.0,greedy_operator_optimized,0.8527777777777777,0.8518402994579779,0.09105896949768066,0.0,,
EXP_SIM_2_ENTANGLE_OBS_DID,FASHION_MNIST_PROXY,7,48,0.25,fixed_pauli_subset,0.7972222222222223,0.795485179939724,0.10544085502624512,0.2,,
EXP_SIM_2_ENTANGLE_OBS_DID,FASHION_MNIST_PROXY,7,48,0.25,greedy_operator_optimized,0.7916666666666666,0.7896361531105235,0.09454512596130371,0.2,,
EXP_SIM_2_ENTANGLE_OBS_DID,FASHION_MNIST_PROXY,7,48,0.5,fixed_pauli_subset,0.7972222222222223,0.795485179939724,0.10754132270812988,0.4,,
EXP_SIM_2_ENTANGLE_OBS_DID,FASHION_MNIST_PROXY,7,48,0.5,greedy_operator_optimized,0.7916666666666666,0.7896361531105235,0.11547660827636719,0.4,,
EXP_SIM_2_ENTANGLE_OBS_DID,FASHION_MNIST_PROXY,7,48,0.75,fixed_pauli_subset,0.7916666666666666,0.7909159073237915,0.10815286636352539,0.6000000000000001,,
EXP_SIM_2_ENTANGLE_OBS_DID,FASHION_MNIST_PROXY,7,48,0.75,greedy_operator_optimized,0.7777777777777778,0.7768785136786917,0.10751461982727051,0.6000000000000001,,
EXP_SIM_2_ENTANGLE_OBS_DID,FASHION_MNIST_PROXY,7,48,1.0,fixed_pauli_subset,0.7638888888888888,0.7625131975323293,0.060463666915893555,0.8,,
EXP_SIM_2_ENTANGLE_OBS_DID,FASHION_MNIST_PROXY,7,48,1.0,greedy_operator_optimized,0.75,0.7488422122244474,0.11169743537902832,0.8,,
EXP_SIM_2_ENTANGLE_OBS_DID,FASHION_MNIST_PROXY,7,48,0.0,did_summary,,,,0.0,0.0,0.8507207833396063
EXP_SIM_2_ENTANGLE_OBS_DID,FASHION_MNIST_PROXY,7,48,0.25,did_summary,,,,0.2,-0.002777777777777879,0.7896668068567911
EXP_SIM_2_ENTANGLE_OBS_DID,FASHION_MNIST_PROXY,7,48,0.5,did_summary,,,,0.4,-0.002777777777777879,0.7894364873568217
EXP_SIM_2_ENTANGLE_OBS_DID,FASHION_MNIST_PROXY,7,48,0.75,did_summary,,,,0.6000000000000001,-0.011111111111111072,0.7756211029158698
EXP_SIM_2_ENTANGLE_OBS_DID,FASHION_MNIST_PROXY,7,48,1.0,did_summary,,,,0.8,-0.011111111111111072,0.7482783889770508
EXP_SIM_2_ENTANGLE_OBS_DID,FASHION_MNIST_PROXY,11,16,0.0,fixed_pauli_subset,0.9555555555555556,0.955436597494767,0.0639193058013916,0.0,,
EXP_SIM_2_ENTANGLE_OBS_DID,FASHION_MNIST_PROXY,11,16,0.0,greedy_operator_optimized,0.9555555555555556,0.955436597494767,0.07764101028442383,0.0,,
EXP_SIM_2_ENTANGLE_OBS_DID,FASHION_MNIST_PROXY,11,16,0.25,fixed_pauli_subset,0.9527777777777777,0.9525149074185304,0.09440445899963379,0.2,,
EXP_SIM_2_ENTANGLE_OBS_DID,FASHION_MNIST_PROXY,11,16,0.25,greedy_operator_optimized,0.95,0.9497459459956084,0.013101816177368164,0.2,,
EXP_SIM_2_ENTANGLE_OBS_DID,FASHION_MNIST_PROXY,11,16,0.5,fixed_pauli_subset,0.9527777777777777,0.9525149074185304,0.014826774597167969,0.4,,
EXP_SIM_2_ENTANGLE_OBS_DID,FASHION_MNIST_PROXY,11,16,0.5,greedy_operator_optimized,0.95,0.9497459459956084,0.011783361434936523,0.4,,
EXP_SIM_2_ENTANGLE_OBS_DID,FASHION_MNIST_PROXY,11,16,0.75,fixed_pauli_subset,0.9472222222222222,0.947049768933234,0.011759042739868164,0.6000000000000001,,
EXP_SIM_2_ENTANGLE_OBS_DID,FASHION_MNIST_PROXY,11,16,0.75,greedy_operator_optimized,0.9472222222222222,0.947049768933234,0.01192021369934082,0.6000000000000001,,
EXP_SIM_2_ENTANGLE_OBS_DID,FASHION_MNIST_PROXY,11,16,1.0,fixed_pauli_subset,0.9416666666666667,0.9414454378581331,0.021722793579101562,0.8,,
EXP_SIM_2_ENTANGLE_OBS_DID,FASHION_MNIST_PROXY,11,16,1.0,greedy_operator_optimized,0.9361111111111111,0.9358565671043,0.0164642333984375,0.8,,
EXP_SIM_2_ENTANGLE_OBS_DID,FASHION_MNIST_PROXY,11,16,0.0,did_summary,,,,0.0,0.0,0.9541399523946974
EXP_SIM_2_ENTANGLE_OBS_DID,FASHION_MNIST_PROXY,11,16,0.25,did_summary,,,,0.2,-0.002777777777777768,0.9489249372482299
EXP_SIM_2_ENTANGLE_OBS_DID,FASHION_MNIST_PROXY,11,16,0.5,did_summary,,,,0.4,-0.002777777777777768,0.9497338986396789
EXP_SIM_2_ENTANGLE_OBS_DID,FASHION_MNIST_PROXY,11,16,0.75,did_summary,,,,0.6000000000000001,0.0,0.9469854296578301
EXP_SIM_2_ENTANGLE_OBS_DID,FASHION_MNIST_PROXY,11,16,1.0,did_summary,,,,0.8,-0.005555555555555536,0.9357292408413357
EXP_SIM_2_ENTANGLE_OBS_DID,FASHION_MNIST_PROXY,11,32,0.0,fixed_pauli_subset,0.9166666666666666,0.9172499203448228,0.03847813606262207,0.0,,
EXP_SIM_2_ENTANGLE_OBS_DID,FASHION_MNIST_PROXY,11,32,0.0,greedy_operator_optimized,0.9111111111111111,0.9119989375866753,0.053052425384521484,0.0,,
EXP_SIM_2_ENTANGLE_OBS_DID,FASHION_MNIST_PROXY,11,32,0.25,fixed_pauli_subset,0.9194444444444444,0.9197495356771839,0.1034095287322998,0.2,,
EXP_SIM_2_ENTANGLE_OBS_DID,FASHION_MNIST_PROXY,11,32,0.25,greedy_operator_optimized,0.9166666666666666,0.9170429460633975,0.04674720764160156,0.2,,
EXP_SIM_2_ENTANGLE_OBS_DID,FASHION_MNIST_PROXY,11,32,0.5,fixed_pauli_subset,0.9194444444444444,0.9197495356771839,0.1068258285522461,0.4,,
EXP_SIM_2_ENTANGLE_OBS_DID,FASHION_MNIST_PROXY,11,32,0.5,greedy_operator_optimized,0.9166666666666666,0.9170429460633975,0.046195030212402344,0.4,,
EXP_SIM_2_ENTANGLE_OBS_DID,FASHION_MNIST_PROXY,11,32,0.75,fixed_pauli_subset,0.8972222222222223,0.8980176633456587,0.04664278030395508,0.6000000000000001,,
EXP_SIM_2_ENTANGLE_OBS_DID,FASHION_MNIST_PROXY,11,32,0.75,greedy_operator_optimized,0.8972222222222223,0.8983424813143122,0.0980532169342041,0.6000000000000001,,
EXP_SIM_2_ENTANGLE_OBS_DID,FASHION_MNIST_PROXY,11,32,1.0,fixed_pauli_subset,0.8805555555555555,0.8813478124549856,0.09444165229797363,0.8,,
EXP_SIM_2_ENTANGLE_OBS_DID,FASHION_MNIST_PROXY,11,32,1.0,greedy_operator_optimized,0.8638888888888889,0.86516486291099,0.09560370445251465,0.8,,
EXP_SIM_2_ENTANGLE_OBS_DID,FASHION_MNIST_PROXY,11,32,0.0,did_summary,,,,0.0,0.0,0.9101958054966397
EXP_SIM_2_ENTANGLE_OBS_DID,FASHION_MNIST_PROXY,11,32,0.25,did_summary,,,,0.2,0.002777777777777768,0.9151650993029277
EXP_SIM_2_ENTANGLE_OBS_DID,FASHION_MNIST_PROXY,11,32,0.5,did_summary,,,,0.4,0.002777777777777768,0.9151364580790201
EXP_SIM_2_ENTANGLE_OBS_DID,FASHION_MNIST_PROXY,11,32,0.75,did_summary,,,,0.6000000000000001,0.005555555555555536,0.8957752622498406
EXP_SIM_2_ENTANGLE_OBS_DID,FASHION_MNIST_PROXY,11,32,1.0,did_summary,,,,0.8,-0.011111111111111072,0.861988435321384
EXP_SIM_2_ENTANGLE_OBS_DID,FASHION_MNIST_PROXY,11,48,0.0,fixed_pauli_subset,0.825,0.8262721055409236,0.1075139045715332,0.0,,
EXP_SIM_2_ENTANGLE_OBS_DID,FASHION_MNIST_PROXY,11,48,0.0,greedy_operator_optimized,0.8166666666666667,0.817961983676563,0.06451272964477539,0.0,,
EXP_SIM_2_ENTANGLE_OBS_DID,FASHION_MNIST_PROXY,11,48,0.25,fixed_pauli_subset,0.8472222222222222,0.8475694544315573,0.08267402648925781,0.2,,
EXP_SIM_2_ENTANGLE_OBS_DID,FASHION_MNIST_PROXY,11,48,0.25,greedy_operator_optimized,0.8527777777777777,0.8536172966433216,0.0945119857788086,0.2,,
EXP_SIM_2_ENTANGLE_OBS_DID,FASHION_MNIST_PROXY,11,48,0.5,fixed_pauli_subset,0.8472222222222222,0.8475694544315573,0.08260917663574219,0.4,,
EXP_SIM_2_ENTANGLE_OBS_DID,FASHION_MNIST_PROXY,11,48,0.5,greedy_operator_optimized,0.8527777777777777,0.8536172966433216,0.05266284942626953,0.4,,
EXP_SIM_2_ENTANGLE_OBS_DID,FASHION_MNIST_PROXY,11,48,0.75,fixed_pauli_subset,0.8472222222222222,0.8484672880765848,0.0986790657043457,0.6000000000000001,,
EXP_SIM_2_ENTANGLE_OBS_DID,FASHION_MNIST_PROXY,11,48,0.75,greedy_operator_optimized,0.8444444444444444,0.8455528623432972,0.10865426063537598,0.6000000000000001,,
EXP_SIM_2_ENTANGLE_OBS_DID,FASHION_MNIST_PROXY,11,48,1.0,fixed_pauli_subset,0.825,0.8273322112881207,0.04661917686462402,0.8,,
EXP_SIM_2_ENTANGLE_OBS_DID,FASHION_MNIST_PROXY,11,48,1.0,greedy_operator_optimized,0.8055555555555556,0.80849215025104,0.06671333312988281,0.8,,
EXP_SIM_2_ENTANGLE_OBS_DID,FASHION_MNIST_PROXY,11,48,0.0,did_summary,,,,0.0,0.0,0.8149464003245036
EXP_SIM_2_ENTANGLE_OBS_DID,FASHION_MNIST_PROXY,11,48,0.25,did_summary,,,,0.2,0.01388888888888884,0.851005917655097
EXP_SIM_2_ENTANGLE_OBS_DID,FASHION_MNIST_PROXY,11,48,0.5,did_summary,,,,0.4,0.01388888888888884,0.8514250575171576
EXP_SIM_2_ENTANGLE_OBS_DID,FASHION_MNIST_PROXY,11,48,0.75,did_summary,,,,0.6000000000000001,0.005555555555555536,0.8423711111810472
EXP_SIM_2_ENTANGLE_OBS_DID,FASHION_MNIST_PROXY,11,48,1.0,did_summary,,,,0.8,-0.011111111111111072,0.8044222304556106
EXP_SIM_2_ENTANGLE_OBS_DID,FASHION_MNIST_PROXY,19,16,0.0,fixed_pauli_subset,0.9583333333333334,0.9585449976738806,0.03726553916931152,0.0,,
EXP_SIM_2_ENTANGLE_OBS_DID,FASHION_MNIST_PROXY,19,16,0.0,greedy_operator_optimized,0.9583333333333334,0.9585449976738806,0.048029422760009766,0.0,,
EXP_SIM_2_ENTANGLE_OBS_DID,FASHION_MNIST_PROXY,19,16,0.25,fixed_pauli_subset,0.9472222222222222,0.9466656816718556,0.024927616119384766,0.2,,
EXP_SIM_2_ENTANGLE_OBS_DID,FASHION_MNIST_PROXY,19,16,0.25,greedy_operator_optimized,0.9472222222222222,0.946704185929538,0.029849529266357422,0.2,,
EXP_SIM_2_ENTANGLE_OBS_DID,FASHION_MNIST_PROXY,19,16,0.5,fixed_pauli_subset,0.9472222222222222,0.9466656816718556,0.024857282638549805,0.4,,
EXP_SIM_2_ENTANGLE_OBS_DID,FASHION_MNIST_PROXY,19,16,0.5,greedy_operator_optimized,0.9472222222222222,0.946704185929538,0.025902509689331055,0.4,,
EXP_SIM_2_ENTANGLE_OBS_DID,FASHION_MNIST_PROXY,19,16,0.75,fixed_pauli_subset,0.9361111111111111,0.9359914289473382,0.029414653778076172,0.6000000000000001,,
EXP_SIM_2_ENTANGLE_OBS_DID,FASHION_MNIST_PROXY,19,16,0.75,greedy_operator_optimized,0.9361111111111111,0.9359914289473382,0.028044462203979492,0.6000000000000001,,
EXP_SIM_2_ENTANGLE_OBS_DID,FASHION_MNIST_PROXY,19,16,1.0,fixed_pauli_subset,0.9277777777777778,0.9278186364916896,0.03052210807800293,0.8,,
EXP_SIM_2_ENTANGLE_OBS_DID,FASHION_MNIST_PROXY,19,16,1.0,greedy_operator_optimized,0.9222222222222223,0.922548721797332,0.031079769134521484,0.8,,
EXP_SIM_2_ENTANGLE_OBS_DID,FASHION_MNIST_PROXY,19,16,0.0,did_summary,,,,0.0,0.0,0.9574803837140402
EXP_SIM_2_ENTANGLE_OBS_DID,FASHION_MNIST_PROXY,19,16,0.25,did_summary,,,,0.2,0.0,0.9466744507683648
EXP_SIM_2_ENTANGLE_OBS_DID,FASHION_MNIST_PROXY,19,16,0.5,did_summary,,,,0.4,0.0,0.9467146242989434
EXP_SIM_2_ENTANGLE_OBS_DID,FASHION_MNIST_PROXY,19,16,0.75,did_summary,,,,0.6000000000000001,0.0,0.9355365199512906
EXP_SIM_2_ENTANGLE_OBS_DID,FASHION_MNIST_PROXY,19,16,1.0,did_summary,,,,0.8,-0.005555555555555536,0.921606203450097
EXP_SIM_2_ENTANGLE_OBS_DID,FASHION_MNIST_PROXY,19,32,0.0,fixed_pauli_subset,0.9416666666666667,0.941852105433622,0.0892934799194336,0.0,,
EXP_SIM_2_ENTANGLE_OBS_DID,FASHION_MNIST_PROXY,19,32,0.0,greedy_operator_optimized,0.9388888888888889,0.9390894172796294,0.03419995307922363,0.0,,
EXP_SIM_2_ENTANGLE_OBS_DID,FASHION_MNIST_PROXY,19,32,0.25,fixed_pauli_subset,0.9222222222222223,0.9223522843473134,0.05248141288757324,0.2,,
EXP_SIM_2_ENTANGLE_OBS_DID,FASHION_MNIST_PROXY,19,32,0.25,greedy_operator_optimized,0.9277777777777778,0.9278335043969351,0.059774160385131836,0.2,,
EXP_SIM_2_ENTANGLE_OBS_DID,FASHION_MNIST_PROXY,19,32,0.5,fixed_pauli_subset,0.9222222222222223,0.9223522843473134,0.05872368812561035,0.4,,
EXP_SIM_2_ENTANGLE_OBS_DID,FASHION_MNIST_PROXY,19,32,0.5,greedy_operator_optimized,0.9277777777777778,0.9278335043969351,0.06167197227478027,0.4,,
EXP_SIM_2_ENTANGLE_OBS_DID,FASHION_MNIST_PROXY,19,32,0.75,fixed_pauli_subset,0.9111111111111111,0.9113810896384139,0.08529448509216309,0.6000000000000001,,
EXP_SIM_2_ENTANGLE_OBS_DID,FASHION_MNIST_PROXY,19,32,0.75,greedy_operator_optimized,0.9083333333333333,0.9085546573605361,0.09328126907348633,0.6000000000000001,,
EXP_SIM_2_ENTANGLE_OBS_DID,FASHION_MNIST_PROXY,19,32,1.0,fixed_pauli_subset,0.8944444444444445,0.8948172430661121,0.09371638298034668,0.8,,
EXP_SIM_2_ENTANGLE_OBS_DID,FASHION_MNIST_PROXY,19,32,1.0,greedy_operator_optimized,0.8861111111111111,0.8868327313424837,0.09491753578186035,0.8,,
EXP_SIM_2_ENTANGLE_OBS_DID,FASHION_MNIST_PROXY,19,32,0.0,did_summary,,,,0.0,0.0,0.9376539545589023
EXP_SIM_2_ENTANGLE_OBS_DID,FASHION_MNIST_PROXY,19,32,0.25,did_summary,,,,0.2,0.008333333333333304,0.9266552220450508
EXP_SIM_2_ENTANGLE_OBS_DID,FASHION_MNIST_PROXY,19,32,0.5,did_summary,,,,0.4,0.008333333333333304,0.926573821173774
EXP_SIM_2_ENTANGLE_OBS_DID,FASHION_MNIST_PROXY,19,32,0.75,did_summary,,,,0.6000000000000001,0.0,0.9065475757916769
EXP_SIM_2_ENTANGLE_OBS_DID,FASHION_MNIST_PROXY,19,32,1.0,did_summary,,,,0.8,-0.005555555555555647,0.884224771923489
EXP_SIM_2_ENTANGLE_OBS_DID,FASHION_MNIST_PROXY,19,48,0.0,fixed_pauli_subset,0.8638888888888889,0.8638698822734454,0.09051871299743652,0.0,,
EXP_SIM_2_ENTANGLE_OBS_DID,FASHION_MNIST_PROXY,19,48,0.0,greedy_operator_optimized,0.8555555555555555,0.8557098162335517,0.07963442802429199,0.0,,
EXP_SIM_2_ENTANGLE_OBS_DID,FASHION_MNIST_PROXY,19,48,0.25,fixed_pauli_subset,0.8222222222222222,0.8228598811672173,0.0746622085571289,0.2,,
EXP_SIM_2_ENTANGLE_OBS_DID,FASHION_MNIST_PROXY,19,48,0.25,greedy_operator_optimized,0.8138888888888889,0.8150972521893985,0.08169293403625488,0.2,,
EXP_SIM_2_ENTANGLE_OBS_DID,FASHION_MNIST_PROXY,19,48,0.5,fixed_pauli_subset,0.8222222222222222,0.8228598811672173,0.10905623435974121,0.4,,
EXP_SIM_2_ENTANGLE_OBS_DID,FASHION_MNIST_PROXY,19,48,0.5,greedy_operator_optimized,0.8138888888888889,0.8150972521893985,0.0946815013885498,0.4,,
EXP_SIM_2_ENTANGLE_OBS_DID,FASHION_MNIST_PROXY,19,48,0.75,fixed_pauli_subset,0.7916666666666666,0.7934360088091822,0.09847021102905273,0.6000000000000001,,
EXP_SIM_2_ENTANGLE_OBS_DID,FASHION_MNIST_PROXY,19,48,0.75,greedy_operator_optimized,0.7861111111111111,0.7882824077786463,0.11722636222839355,0.6000000000000001,,
EXP_SIM_2_ENTANGLE_OBS_DID,FASHION_MNIST_PROXY,19,48,1.0,fixed_pauli_subset,0.7666666666666667,0.7689845413012666,0.12422657012939453,0.8,,
EXP_SIM_2_ENTANGLE_OBS_DID,FASHION_MNIST_PROXY,19,48,1.0,greedy_operator_optimized,0.7611111111111111,0.7630291088439999,0.12430691719055176,0.8,,
EXP_SIM_2_ENTANGLE_OBS_DID,FASHION_MNIST_PROXY,19,48,0.0,did_summary,,,,0.0,0.0,0.8538540241453382
EXP_SIM_2_ENTANGLE_OBS_DID,FASHION_MNIST_PROXY,19,48,0.25,did_summary,,,,0.2,1.1102230246251565e-16,0.8123253374629551
EXP_SIM_2_ENTANGLE_OBS_DID,FASHION_MNIST_PROXY,19,48,0.5,did_summary,,,,0.4,1.1102230246251565e-16,0.811851511531406
EXP_SIM_2_ENTANGLE_OBS_DID,FASHION_MNIST_PROXY,19,48,0.75,did_summary,,,,0.6000000000000001,0.002777777777777879,0.7839541453785366
EXP_SIM_2_ENTANGLE_OBS_DID,FASHION_MNIST_PROXY,19,48,1.0,did_summary,,,,0.8,0.002777777777777768,0.7586257762379116
EXP_SIM_2_ENTANGLE_OBS_DID,FASHION_MNIST_PROXY,23,16,0.0,fixed_pauli_subset,0.9555555555555556,0.9554512105993862,0.08423900604248047,0.0,,
EXP_SIM_2_ENTANGLE_OBS_DID,FASHION_MNIST_PROXY,23,16,0.0,greedy_operator_optimized,0.9555555555555556,0.9554512105993862,0.011101722717285156,0.0,,
EXP_SIM_2_ENTANGLE_OBS_DID,FASHION_MNIST_PROXY,23,16,0.25,fixed_pauli_subset,0.9361111111111111,0.9360815868126814,0.011121749877929688,0.2,,
EXP_SIM_2_ENTANGLE_OBS_DID,FASHION_MNIST_PROXY,23,16,0.25,greedy_operator_optimized,0.9361111111111111,0.9360815868126814,0.01599407196044922,0.2,,
EXP_SIM_2_ENTANGLE_OBS_DID,FASHION_MNIST_PROXY,23,16,0.5,fixed_pauli_subset,0.9361111111111111,0.9360815868126814,0.011013984680175781,0.4,,
EXP_SIM_2_ENTANGLE_OBS_DID,FASHION_MNIST_PROXY,23,16,0.5,greedy_operator_optimized,0.9361111111111111,0.9360815868126814,0.015501737594604492,0.4,,
EXP_SIM_2_ENTANGLE_OBS_DID,FASHION_MNIST_PROXY,23,16,0.75,fixed_pauli_subset,0.9277777777777778,0.9277594553185337,0.012757539749145508,0.6000000000000001,,
EXP_SIM_2_ENTANGLE_OBS_DID,FASHION_MNIST_PROXY,23,16,0.75,greedy_operator_optimized,0.9222222222222223,0.9220783515558691,0.016185522079467773,0.6000000000000001,,
EXP_SIM_2_ENTANGLE_OBS_DID,FASHION_MNIST_PROXY,23,16,1.0,fixed_pauli_subset,0.9194444444444444,0.9192220592039165,0.017521381378173828,0.8,,
EXP_SIM_2_ENTANGLE_OBS_DID,FASHION_MNIST_PROXY,23,16,1.0,greedy_operator_optimized,0.925,0.9248068993699278,0.01710796356201172,0.8,,
EXP_SIM_2_ENTANGLE_OBS_DID,FASHION_MNIST_PROXY,23,16,0.0,did_summary,,,,0.0,0.0,0.954602148267958
EXP_SIM_2_ENTANGLE_OBS_DID,FASHION_MNIST_PROXY,23,16,0.25,did_summary,,,,0.2,0.0,0.9358399528927274
EXP_SIM_2_ENTANGLE_OBS_DID,FASHION_MNIST_PROXY,23,16,0.5,did_summary,,,,0.4,0.0,0.9358459538883633
EXP_SIM_2_ENTANGLE_OBS_DID,FASHION_MNIST_PROXY,23,16,0.75,did_summary,,,,0.6000000000000001,-0.005555555555555536,0.9219327916039362
EXP_SIM_2_ENTANGLE_OBS_DID,FASHION_MNIST_PROXY,23,16,1.0,did_summary,,,,0.8,0.005555555555555647,0.9246537065505982
EXP_SIM_2_ENTANGLE_OBS_DID,FASHION_MNIST_PROXY,23,32,0.0,fixed_pauli_subset,0.9194444444444444,0.9194719956963635,0.10749316215515137,0.0,,
EXP_SIM_2_ENTANGLE_OBS_DID,FASHION_MNIST_PROXY,23,32,0.0,greedy_operator_optimized,0.925,0.9250681026088958,0.07843494415283203,0.0,,
EXP_SIM_2_ENTANGLE_OBS_DID,FASHION_MNIST_PROXY,23,32,0.25,fixed_pauli_subset,0.8972222222222223,0.8973727887324427,0.10572457313537598,0.2,,
EXP_SIM_2_ENTANGLE_OBS_DID,FASHION_MNIST_PROXY,23,32,0.25,greedy_operator_optimized,0.8972222222222223,0.897278890656197,0.10626435279846191,0.2,,
EXP_SIM_2_ENTANGLE_OBS_DID,FASHION_MNIST_PROXY,23,32,0.5,fixed_pauli_subset,0.8972222222222223,0.8973727887324427,0.04660630226135254,0.4,,
EXP_SIM_2_ENTANGLE_OBS_DID,FASHION_MNIST_PROXY,23,32,0.5,greedy_operator_optimized,0.8972222222222223,0.897278890656197,0.10668349266052246,0.4,,
EXP_SIM_2_ENTANGLE_OBS_DID,FASHION_MNIST_PROXY,23,32,0.75,fixed_pauli_subset,0.875,0.8753466857235216,0.0646810531616211,0.6000000000000001,,
EXP_SIM_2_ENTANGLE_OBS_DID,FASHION_MNIST_PROXY,23,32,0.75,greedy_operator_optimized,0.8666666666666667,0.8674544864897037,0.10673332214355469,0.6000000000000001,,
EXP_SIM_2_ENTANGLE_OBS_DID,FASHION_MNIST_PROXY,23,32,1.0,fixed_pauli_subset,0.8638888888888889,0.864683857670159,0.0646660327911377,0.8,,
EXP_SIM_2_ENTANGLE_OBS_DID,FASHION_MNIST_PROXY,23,32,1.0,greedy_operator_optimized,0.8611111111111112,0.8618553813995795,0.10574483871459961,0.8,,
EXP_SIM_2_ENTANGLE_OBS_DID,FASHION_MNIST_PROXY,23,32,0.0,did_summary,,,,0.0,0.0,0.9231407189369202
EXP_SIM_2_ENTANGLE_OBS_DID,FASHION_MNIST_PROXY,23,32,0.25,did_summary,,,,0.2,-0.005555555555555647,0.8951023329628839
EXP_SIM_2_ENTANGLE_OBS_DID,FASHION_MNIST_PROXY,23,32,0.5,did_summary,,,,0.4,-0.005555555555555647,0.8956893242730035
EXP_SIM_2_ENTANGLE_OBS_DID,FASHION_MNIST_PROXY,23,32,0.75,did_summary,,,,0.6000000000000001,-0.01388888888888895,0.8649525229136149
EXP_SIM_2_ENTANGLE_OBS_DID,FASHION_MNIST_PROXY,23,32,1.0,did_summary,,,,0.8,-0.008333333333333415,0.8594070023960538
EXP_SIM_2_ENTANGLE_OBS_DID,FASHION_MNIST_PROXY,23,48,0.0,fixed_pauli_subset,0.8527777777777777,0.8536723100440831,0.09280204772949219,0.0,,
EXP_SIM_2_ENTANGLE_OBS_DID,FASHION_MNIST_PROXY,23,48,0.0,greedy_operator_optimized,0.85,0.8508901487597139,0.09810137748718262,0.0,,
EXP_SIM_2_ENTANGLE_OBS_DID,FASHION_MNIST_PROXY,23,48,0.25,fixed_pauli_subset,0.8472222222222222,0.8469557621259034,0.09761905670166016,0.2,,
EXP_SIM_2_ENTANGLE_OBS_DID,FASHION_MNIST_PROXY,23,48,0.25,greedy_operator_optimized,0.8472222222222222,0.847066319858307,0.04540371894836426,0.2,,
EXP_SIM_2_ENTANGLE_OBS_DID,FASHION_MNIST_PROXY,23,48,0.5,fixed_pauli_subset,0.8472222222222222,0.8469557621259034,0.09996676445007324,0.4,,
EXP_SIM_2_ENTANGLE_OBS_DID,FASHION_MNIST_PROXY,23,48,0.5,greedy_operator_optimized,0.8472222222222222,0.847066319858307,0.0964806079864502,0.4,,
EXP_SIM_2_ENTANGLE_OBS_DID,FASHION_MNIST_PROXY,23,48,0.75,fixed_pauli_subset,0.8333333333333334,0.833511989075537,0.09620380401611328,0.6000000000000001,,
EXP_SIM_2_ENTANGLE_OBS_DID,FASHION_MNIST_PROXY,23,48,0.75,greedy_operator_optimized,0.8361111111111111,0.8354068245086961,0.10934233665466309,0.6000000000000001,,
EXP_SIM_2_ENTANGLE_OBS_DID,FASHION_MNIST_PROXY,23,48,1.0,fixed_pauli_subset,0.825,0.8248730703872624,0.1192770004272461,0.8,,
EXP_SIM_2_ENTANGLE_OBS_DID,FASHION_MNIST_PROXY,23,48,1.0,greedy_operator_optimized,0.8111111111111111,0.8106833386987882,0.09807181358337402,0.8,,
EXP_SIM_2_ENTANGLE_OBS_DID,FASHION_MNIST_PROXY,23,48,0.0,did_summary,,,,0.0,0.0,0.8480909657478333
EXP_SIM_2_ENTANGLE_OBS_DID,FASHION_MNIST_PROXY,23,48,0.25,did_summary,,,,0.2,0.002777777777777768,0.845791994465722
EXP_SIM_2_ENTANGLE_OBS_DID,FASHION_MNIST_PROXY,23,48,0.5,did_summary,,,,0.4,0.002777777777777768,0.845257748497857
EXP_SIM_2_ENTANGLE_OBS_DID,FASHION_MNIST_PROXY,23,48,0.75,did_summary,,,,0.6000000000000001,0.005555555555555536,0.8340556497044034
EXP_SIM_2_ENTANGLE_OBS_DID,FASHION_MNIST_PROXY,23,48,1.0,did_summary,,,,0.8,-0.011111111111111072,0.8089376229710049
EXP_SIM_2_ENTANGLE_OBS_DID,FASHION_MNIST_PROXY,42,16,0.0,fixed_pauli_subset,0.9555555555555556,0.9556924810204764,0.08825206756591797,0.0,,
EXP_SIM_2_ENTANGLE_OBS_DID,FASHION_MNIST_PROXY,42,16,0.0,greedy_operator_optimized,0.9555555555555556,0.9556924810204764,0.008901357650756836,0.0,,
EXP_SIM_2_ENTANGLE_OBS_DID,FASHION_MNIST_PROXY,42,16,0.25,fixed_pauli_subset,0.95,0.9503843113130275,0.015193462371826172,0.2,,
EXP_SIM_2_ENTANGLE_OBS_DID,FASHION_MNIST_PROXY,42,16,0.25,greedy_operator_optimized,0.95,0.9503920992421971,0.012492895126342773,0.2,,
EXP_SIM_2_ENTANGLE_OBS_DID,FASHION_MNIST_PROXY,42,16,0.5,fixed_pauli_subset,0.95,0.9503843113130275,0.014988899230957031,0.4,,
EXP_SIM_2_ENTANGLE_OBS_DID,FASHION_MNIST_PROXY,42,16,0.5,greedy_operator_optimized,0.95,0.9503920992421971,0.012137413024902344,0.4,,
EXP_SIM_2_ENTANGLE_OBS_DID,FASHION_MNIST_PROXY,42,16,0.75,fixed_pauli_subset,0.9444444444444444,0.9451514937578688,0.015301704406738281,0.6000000000000001,,
EXP_SIM_2_ENTANGLE_OBS_DID,FASHION_MNIST_PROXY,42,16,0.75,greedy_operator_optimized,0.9472222222222222,0.9478885400845349,0.012584209442138672,0.6000000000000001,,
EXP_SIM_2_ENTANGLE_OBS_DID,FASHION_MNIST_PROXY,42,16,1.0,fixed_pauli_subset,0.9388888888888889,0.9395773319654686,0.01682281494140625,0.8,,
EXP_SIM_2_ENTANGLE_OBS_DID,FASHION_MNIST_PROXY,42,16,1.0,greedy_operator_optimized,0.9388888888888889,0.9394981520944944,0.01675701141357422,0.8,,
EXP_SIM_2_ENTANGLE_OBS_DID,FASHION_MNIST_PROXY,42,16,0.0,did_summary,,,,0.0,0.0,0.9545840213033888
EXP_SIM_2_ENTANGLE_OBS_DID,FASHION_MNIST_PROXY,42,16,0.25,did_summary,,,,0.2,0.0,0.9497231364250183
EXP_SIM_2_ENTANGLE_OBS_DID,FASHION_MNIST_PROXY,42,16,0.5,did_summary,,,,0.4,0.0,0.9497287368774414
EXP_SIM_2_ENTANGLE_OBS_DID,FASHION_MNIST_PROXY,42,16,0.75,did_summary,,,,0.6000000000000001,0.002777777777777768,0.9469433630837334
EXP_SIM_2_ENTANGLE_OBS_DID,FASHION_MNIST_PROXY,42,16,1.0,did_summary,,,,0.8,0.0,0.9385530906253391
EXP_SIM_2_ENTANGLE_OBS_DID,FASHION_MNIST_PROXY,42,32,0.0,fixed_pauli_subset,0.9055555555555556,0.9055909126129158,0.02448558807373047,0.0,,
EXP_SIM_2_ENTANGLE_OBS_DID,FASHION_MNIST_PROXY,42,32,0.0,greedy_operator_optimized,0.9055555555555556,0.9056281239098224,0.02873539924621582,0.0,,
EXP_SIM_2_ENTANGLE_OBS_DID,FASHION_MNIST_PROXY,42,32,0.25,fixed_pauli_subset,0.9055555555555556,0.9048658058116809,0.03475165367126465,0.2,,
EXP_SIM_2_ENTANGLE_OBS_DID,FASHION_MNIST_PROXY,42,32,0.25,greedy_operator_optimized,0.9055555555555556,0.9048658058116809,0.02876591682434082,0.2,,
EXP_SIM_2_ENTANGLE_OBS_DID,FASHION_MNIST_PROXY,42,32,0.5,fixed_pauli_subset,0.9055555555555556,0.9048658058116809,0.028720378875732422,0.4,,
EXP_SIM_2_ENTANGLE_OBS_DID,FASHION_MNIST_PROXY,42,32,0.5,greedy_operator_optimized,0.9055555555555556,0.9048658058116809,0.02608633041381836,0.4,,
EXP_SIM_2_ENTANGLE_OBS_DID,FASHION_MNIST_PROXY,42,32,0.75,fixed_pauli_subset,0.9027777777777778,0.9023292064164942,0.031054258346557617,0.6000000000000001,,
EXP_SIM_2_ENTANGLE_OBS_DID,FASHION_MNIST_PROXY,42,32,0.75,greedy_operator_optimized,0.9,0.8994413870903186,0.028780460357666016,0.6000000000000001,,
EXP_SIM_2_ENTANGLE_OBS_DID,FASHION_MNIST_PROXY,42,32,1.0,fixed_pauli_subset,0.8777777777777778,0.8773514929171654,0.0384671688079834,0.8,,
EXP_SIM_2_ENTANGLE_OBS_DID,FASHION_MNIST_PROXY,42,32,1.0,greedy_operator_optimized,0.8666666666666667,0.8655284135450063,0.04076528549194336,0.8,,
EXP_SIM_2_ENTANGLE_OBS_DID,FASHION_MNIST_PROXY,42,32,0.0,did_summary,,,,0.0,0.0,0.9050233456823561
EXP_SIM_2_ENTANGLE_OBS_DID,FASHION_MNIST_PROXY,42,32,0.25,did_summary,,,,0.2,0.0,0.9049203798505995
EXP_SIM_2_ENTANGLE_OBS_DID,FASHION_MNIST_PROXY,42,32,0.5,did_summary,,,,0.4,0.0,0.9050074884626601
EXP_SIM_2_ENTANGLE_OBS_DID,FASHION_MNIST_PROXY,42,32,0.75,did_summary,,,,0.6000000000000001,-0.002777777777777768,0.8994016528129578
EXP_SIM_2_ENTANGLE_OBS_DID,FASHION_MNIST_PROXY,42,32,1.0,did_summary,,,,0.8,-0.011111111111111072,0.8658743421236674
EXP_SIM_2_ENTANGLE_OBS_DID,FASHION_MNIST_PROXY,42,48,0.0,fixed_pauli_subset,0.8583333333333333,0.8591338494478062,0.07916426658630371,0.0,,
EXP_SIM_2_ENTANGLE_OBS_DID,FASHION_MNIST_PROXY,42,48,0.0,greedy_operator_optimized,0.8555555555555555,0.8564759090075633,0.058458566665649414,0.0,,
EXP_SIM_2_ENTANGLE_OBS_DID,FASHION_MNIST_PROXY,42,48,0.25,fixed_pauli_subset,0.8527777777777777,0.8529789376754657,0.09537172317504883,0.2,,
EXP_SIM_2_ENTANGLE_OBS_DID,FASHION_MNIST_PROXY,42,48,0.25,greedy_operator_optimized,0.8388888888888889,0.8397929362618575,0.0769202709197998,0.2,,
EXP_SIM_2_ENTANGLE_OBS_DID,FASHION_MNIST_PROXY,42,48,0.5,fixed_pauli_subset,0.8527777777777777,0.8529789376754657,0.09435009956359863,0.4,,
EXP_SIM_2_ENTANGLE_OBS_DID,FASHION_MNIST_PROXY,42,48,0.5,greedy_operator_optimized,0.8388888888888889,0.8397929362618575,0.10864114761352539,0.4,,
EXP_SIM_2_ENTANGLE_OBS_DID,FASHION_MNIST_PROXY,42,48,0.75,fixed_pauli_subset,0.7972222222222223,0.7979621685774945,0.1078183650970459,0.6000000000000001,,
EXP_SIM_2_ENTANGLE_OBS_DID,FASHION_MNIST_PROXY,42,48,0.75,greedy_operator_optimized,0.7944444444444444,0.7946752268023165,0.09966802597045898,0.6000000000000001,,
EXP_SIM_2_ENTANGLE_OBS_DID,FASHION_MNIST_PROXY,42,48,1.0,fixed_pauli_subset,0.7527777777777778,0.7546497808941809,0.10267424583435059,0.8,,
EXP_SIM_2_ENTANGLE_OBS_DID,FASHION_MNIST_PROXY,42,48,1.0,greedy_operator_optimized,0.7583333333333333,0.7598805863764296,0.10314440727233887,0.8,,
EXP_SIM_2_ENTANGLE_OBS_DID,FASHION_MNIST_PROXY,42,48,0.0,did_summary,,,,0.0,0.0,0.854179327223036
EXP_SIM_2_ENTANGLE_OBS_DID,FASHION_MNIST_PROXY,42,48,0.25,did_summary,,,,0.2,-0.011111111111111072,0.8371659689479404
EXP_SIM_2_ENTANGLE_OBS_DID,FASHION_MNIST_PROXY,42,48,0.5,did_summary,,,,0.4,-0.011111111111111072,0.8368589764171177
EXP_SIM_2_ENTANGLE_OBS_DID,FASHION_MNIST_PROXY,42,48,0.75,did_summary,,,,0.6000000000000001,-1.1102230246251565e-16,0.7923695805337694
EXP_SIM_2_ENTANGLE_OBS_DID,FASHION_MNIST_PROXY,42,48,1.0,did_summary,,,,0.8,0.008333333333333304,0.7562751468022664
EXP_SIM_2_ENTANGLE_OBS_DID,FASHION_MNIST_PROXY,73,16,0.0,fixed_pauli_subset,0.9444444444444444,0.9451287167921902,0.019963741302490234,0.0,,
EXP_SIM_2_ENTANGLE_OBS_DID,FASHION_MNIST_PROXY,73,16,0.0,greedy_operator_optimized,0.9444444444444444,0.9451287167921902,0.02171921730041504,0.0,,
EXP_SIM_2_ENTANGLE_OBS_DID,FASHION_MNIST_PROXY,73,16,0.25,fixed_pauli_subset,0.9361111111111111,0.9364219463379186,0.04187631607055664,0.2,,
EXP_SIM_2_ENTANGLE_OBS_DID,FASHION_MNIST_PROXY,73,16,0.25,greedy_operator_optimized,0.9388888888888889,0.9391263462533932,0.011764764785766602,0.2,,
EXP_SIM_2_ENTANGLE_OBS_DID,FASHION_MNIST_PROXY,73,16,0.5,fixed_pauli_subset,0.9361111111111111,0.9364219463379186,0.014448165893554688,0.4,,
EXP_SIM_2_ENTANGLE_OBS_DID,FASHION_MNIST_PROXY,73,16,0.5,greedy_operator_optimized,0.9388888888888889,0.9391263462533932,0.012305736541748047,0.4,,
EXP_SIM_2_ENTANGLE_OBS_DID,FASHION_MNIST_PROXY,73,16,0.75,fixed_pauli_subset,0.9277777777777778,0.9279661637968015,0.015731334686279297,0.6000000000000001,,
EXP_SIM_2_ENTANGLE_OBS_DID,FASHION_MNIST_PROXY,73,16,0.75,greedy_operator_optimized,0.9305555555555556,0.9306711359458442,0.01266932487487793,0.6000000000000001,,
EXP_SIM_2_ENTANGLE_OBS_DID,FASHION_MNIST_PROXY,73,16,1.0,fixed_pauli_subset,0.9305555555555556,0.9307424850791716,0.01676034927368164,0.8,,
EXP_SIM_2_ENTANGLE_OBS_DID,FASHION_MNIST_PROXY,73,16,1.0,greedy_operator_optimized,0.9305555555555556,0.9308895499522638,0.016702890396118164,0.8,,
EXP_SIM_2_ENTANGLE_OBS_DID,FASHION_MNIST_PROXY,73,16,0.0,did_summary,,,,0.0,0.0,0.9440276148584154
EXP_SIM_2_ENTANGLE_OBS_DID,FASHION_MNIST_PROXY,73,16,0.25,did_summary,,,,0.2,0.002777777777777768,0.9383524780803256
EXP_SIM_2_ENTANGLE_OBS_DID,FASHION_MNIST_PROXY,73,16,0.5,did_summary,,,,0.4,0.002777777777777768,0.9386213498645358
EXP_SIM_2_ENTANGLE_OBS_DID,FASHION_MNIST_PROXY,73,16,0.75,did_summary,,,,0.6000000000000001,0.002777777777777768,0.930271548959944
EXP_SIM_2_ENTANGLE_OBS_DID,FASHION_MNIST_PROXY,73,16,1.0,did_summary,,,,0.8,0.0,0.9302209231588576
EXP_SIM_2_ENTANGLE_OBS_DID,FASHION_MNIST_PROXY,73,32,0.0,fixed_pauli_subset,0.9333333333333333,0.9331327437423604,0.09681367874145508,0.0,,
EXP_SIM_2_ENTANGLE_OBS_DID,FASHION_MNIST_PROXY,73,32,0.0,greedy_operator_optimized,0.9277777777777778,0.9275738347327473,0.05262446403503418,0.0,,
EXP_SIM_2_ENTANGLE_OBS_DID,FASHION_MNIST_PROXY,73,32,0.25,fixed_pauli_subset,0.9222222222222223,0.9219715676096151,0.06978654861450195,0.2,,
EXP_SIM_2_ENTANGLE_OBS_DID,FASHION_MNIST_PROXY,73,32,0.25,greedy_operator_optimized,0.9194444444444444,0.9193509519828253,0.09765076637268066,0.2,,
EXP_SIM_2_ENTANGLE_OBS_DID,FASHION_MNIST_PROXY,73,32,0.5,fixed_pauli_subset,0.9222222222222223,0.9219715676096151,0.08320474624633789,0.4,,
EXP_SIM_2_ENTANGLE_OBS_DID,FASHION_MNIST_PROXY,73,32,0.5,greedy_operator_optimized,0.9194444444444444,0.9193509519828253,0.06495833396911621,0.4,,
EXP_SIM_2_ENTANGLE_OBS_DID,FASHION_MNIST_PROXY,73,32,0.75,fixed_pauli_subset,0.8972222222222223,0.8972321860116583,0.08870959281921387,0.6000000000000001,,
EXP_SIM_2_ENTANGLE_OBS_DID,FASHION_MNIST_PROXY,73,32,0.75,greedy_operator_optimized,0.8916666666666667,0.8915556813669877,0.0944061279296875,0.6000000000000001,,
EXP_SIM_2_ENTANGLE_OBS_DID,FASHION_MNIST_PROXY,73,32,1.0,fixed_pauli_subset,0.8777777777777778,0.8777127035205037,0.0947113037109375,0.8,,
EXP_SIM_2_ENTANGLE_OBS_DID,FASHION_MNIST_PROXY,73,32,1.0,greedy_operator_optimized,0.8722222222222222,0.8727828932540158,0.0955045223236084,0.8,,
EXP_SIM_2_ENTANGLE_OBS_DID,FASHION_MNIST_PROXY,73,32,0.0,did_summary,,,,0.0,0.0,0.9262833963500129
EXP_SIM_2_ENTANGLE_OBS_DID,FASHION_MNIST_PROXY,73,32,0.25,did_summary,,,,0.2,0.002777777777777657,0.9177700712945726
EXP_SIM_2_ENTANGLE_OBS_DID,FASHION_MNIST_PROXY,73,32,0.5,did_summary,,,,0.4,0.002777777777777657,0.9179628136422898
EXP_SIM_2_ENTANGLE_OBS_DID,FASHION_MNIST_PROXY,73,32,0.75,did_summary,,,,0.6000000000000001,0.0,0.8898355094591777
EXP_SIM_2_ENTANGLE_OBS_DID,FASHION_MNIST_PROXY,73,32,1.0,did_summary,,,,0.8,0.0,0.8703200639618768
EXP_SIM_2_ENTANGLE_OBS_DID,FASHION_MNIST_PROXY,73,48,0.0,fixed_pauli_subset,0.8777777777777778,0.8771859189205274,0.07849907875061035,0.0,,
EXP_SIM_2_ENTANGLE_OBS_DID,FASHION_MNIST_PROXY,73,48,0.0,greedy_operator_optimized,0.8722222222222222,0.870764488197484,0.07050657272338867,0.0,,
EXP_SIM_2_ENTANGLE_OBS_DID,FASHION_MNIST_PROXY,73,48,0.25,fixed_pauli_subset,0.8388888888888889,0.8381127156652013,0.08963322639465332,0.2,,
EXP_SIM_2_ENTANGLE_OBS_DID,FASHION_MNIST_PROXY,73,48,0.25,greedy_operator_optimized,0.8388888888888889,0.8382022842479205,0.09495878219604492,0.2,,
EXP_SIM_2_ENTANGLE_OBS_DID,FASHION_MNIST_PROXY,73,48,0.5,fixed_pauli_subset,0.8388888888888889,0.8381127156652013,0.10530924797058105,0.4,,
EXP_SIM_2_ENTANGLE_OBS_DID,FASHION_MNIST_PROXY,73,48,0.5,greedy_operator_optimized,0.8388888888888889,0.8382022842479205,0.12100601196289062,0.4,,
EXP_SIM_2_ENTANGLE_OBS_DID,FASHION_MNIST_PROXY,73,48,0.75,fixed_pauli_subset,0.8111111111111111,0.8091178104985774,0.07034683227539062,0.6000000000000001,,
EXP_SIM_2_ENTANGLE_OBS_DID,FASHION_MNIST_PROXY,73,48,0.75,greedy_operator_optimized,0.8,0.7982418971215826,0.09940648078918457,0.6000000000000001,,
EXP_SIM_2_ENTANGLE_OBS_DID,FASHION_MNIST_PROXY,73,48,1.0,fixed_pauli_subset,0.7972222222222223,0.7959923595207478,0.12460637092590332,0.8,,
EXP_SIM_2_ENTANGLE_OBS_DID,FASHION_MNIST_PROXY,73,48,1.0,greedy_operator_optimized,0.7861111111111111,0.7850499106992249,0.11301875114440918,0.8,,
EXP_SIM_2_ENTANGLE_OBS_DID,FASHION_MNIST_PROXY,73,48,0.0,did_summary,,,,0.0,0.0,0.8707321657074822
EXP_SIM_2_ENTANGLE_OBS_DID,FASHION_MNIST_PROXY,73,48,0.25,did_summary,,,,0.2,0.005555555555555536,0.8370429688029819
EXP_SIM_2_ENTANGLE_OBS_DID,FASHION_MNIST_PROXY,73,48,0.5,did_summary,,,,0.4,0.005555555555555536,0.8366257362895542
EXP_SIM_2_ENTANGLE_OBS_DID,FASHION_MNIST_PROXY,73,48,0.75,did_summary,,,,0.6000000000000001,-0.005555555555555536,0.7983024668693542
EXP_SIM_2_ENTANGLE_OBS_DID,FASHION_MNIST_PROXY,73,48,1.0,did_summary,,,,0.8,-0.005555555555555647,0.7837348598904079
EXP_SIM_2_ENTANGLE_OBS_DID,KMNIST_PROXY,7,16,0.0,fixed_pauli_subset,0.95,0.9496872650570023,0.09516048431396484,0.0,,
EXP_SIM_2_ENTANGLE_OBS_DID,KMNIST_PROXY,7,16,0.0,greedy_operator_optimized,0.9472222222222222,0.9468781950323276,0.018035411834716797,0.0,,
EXP_SIM_2_ENTANGLE_OBS_DID,KMNIST_PROXY,7,16,0.25,fixed_pauli_subset,0.9444444444444444,0.944631584115632,0.017259597778320312,0.2,,
EXP_SIM_2_ENTANGLE_OBS_DID,KMNIST_PROXY,7,16,0.25,greedy_operator_optimized,0.9472222222222222,0.9472411543493683,0.018078088760375977,0.2,,
EXP_SIM_2_ENTANGLE_OBS_DID,KMNIST_PROXY,7,16,0.5,fixed_pauli_subset,0.9444444444444444,0.944631584115632,0.015646934509277344,0.4,,
EXP_SIM_2_ENTANGLE_OBS_DID,KMNIST_PROXY,7,16,0.5,greedy_operator_optimized,0.9472222222222222,0.9472411543493683,0.01766347885131836,0.4,,
EXP_SIM_2_ENTANGLE_OBS_DID,KMNIST_PROXY,7,16,0.75,fixed_pauli_subset,0.9444444444444444,0.9445899263329534,0.020108938217163086,0.6000000000000001,,
EXP_SIM_2_ENTANGLE_OBS_DID,KMNIST_PROXY,7,16,0.75,greedy_operator_optimized,0.9444444444444444,0.9445899263329534,0.018164634704589844,0.6000000000000001,,
EXP_SIM_2_ENTANGLE_OBS_DID,KMNIST_PROXY,7,16,1.0,fixed_pauli_subset,0.9388888888888889,0.938872701716053,0.023048877716064453,0.8,,
EXP_SIM_2_ENTANGLE_OBS_DID,KMNIST_PROXY,7,16,1.0,greedy_operator_optimized,0.9416666666666667,0.9415636298938151,0.02280592918395996,0.8,,
EXP_SIM_2_ENTANGLE_OBS_DID,KMNIST_PROXY,7,16,0.0,did_summary,,,,0.0,0.0,0.9460902632607354
EXP_SIM_2_ENTANGLE_OBS_DID,KMNIST_PROXY,7,16,0.25,did_summary,,,,0.2,0.005555555555555536,0.9468688453568352
EXP_SIM_2_ENTANGLE_OBS_DID,KMNIST_PROXY,7,16,0.5,did_summary,,,,0.4,0.005555555555555536,0.9468891180886162
EXP_SIM_2_ENTANGLE_OBS_DID,KMNIST_PROXY,7,16,0.75,did_summary,,,,0.6000000000000001,0.002777777777777768,0.9440617087152269
EXP_SIM_2_ENTANGLE_OBS_DID,KMNIST_PROXY,7,16,1.0,did_summary,,,,0.8,0.005555555555555536,0.9412081185976664
EXP_SIM_2_ENTANGLE_OBS_DID,KMNIST_PROXY,7,32,0.0,fixed_pauli_subset,0.875,0.8750646670256683,0.0795285701751709,0.0,,
EXP_SIM_2_ENTANGLE_OBS_DID,KMNIST_PROXY,7,32,0.0,greedy_operator_optimized,0.875,0.8750868542027851,0.0927591323852539,0.0,,
EXP_SIM_2_ENTANGLE_OBS_DID,KMNIST_PROXY,7,32,0.25,fixed_pauli_subset,0.8722222222222222,0.8722620373938736,0.09926247596740723,0.2,,
EXP_SIM_2_ENTANGLE_OBS_DID,KMNIST_PROXY,7,32,0.25,greedy_operator_optimized,0.8666666666666667,0.8664822956499375,0.1155998706817627,0.2,,
EXP_SIM_2_ENTANGLE_OBS_DID,KMNIST_PROXY,7,32,0.5,fixed_pauli_subset,0.8722222222222222,0.8722620373938736,0.12218499183654785,0.4,,
EXP_SIM_2_ENTANGLE_OBS_DID,KMNIST_PROXY,7,32,0.5,greedy_operator_optimized,0.8666666666666667,0.8664822956499375,0.021934986114501953,0.4,,
EXP_SIM_2_ENTANGLE_OBS_DID,KMNIST_PROXY,7,32,0.75,fixed_pauli_subset,0.8555555555555555,0.8554600665035448,0.05378317832946777,0.6000000000000001,,
EXP_SIM_2_ENTANGLE_OBS_DID,KMNIST_PROXY,7,32,0.75,greedy_operator_optimized,0.8472222222222222,0.8473052408454429,0.07563090324401855,0.6000000000000001,,
EXP_SIM_2_ENTANGLE_OBS_DID,KMNIST_PROXY,7,32,1.0,fixed_pauli_subset,0.8416666666666667,0.84252190611233,0.07020759582519531,0.8,,
EXP_SIM_2_ENTANGLE_OBS_DID,KMNIST_PROXY,7,32,1.0,greedy_operator_optimized,0.8333333333333334,0.8341305355229925,0.07757306098937988,0.8,,
EXP_SIM_2_ENTANGLE_OBS_DID,KMNIST_PROXY,7,32,0.0,did_summary,,,,0.0,0.0,0.8732771229743957
EXP_SIM_2_ENTANGLE_OBS_DID,KMNIST_PROXY,7,32,0.25,did_summary,,,,0.2,-0.005555555555555536,0.864518043200175
EXP_SIM_2_ENTANGLE_OBS_DID,KMNIST_PROXY,7,32,0.5,did_summary,,,,0.4,-0.005555555555555536,0.8652254668871562
EXP_SIM_2_ENTANGLE_OBS_DID,KMNIST_PROXY,7,32,0.75,did_summary,,,,0.6000000000000001,-0.008333333333333304,0.8459280814064873
EXP_SIM_2_ENTANGLE_OBS_DID,KMNIST_PROXY,7,32,1.0,did_summary,,,,0.8,-0.008333333333333304,0.8318555267651876
EXP_SIM_2_ENTANGLE_OBS_DID,KMNIST_PROXY,7,48,0.0,fixed_pauli_subset,0.8416666666666667,0.8417942267298913,0.09274816513061523,0.0,,
EXP_SIM_2_ENTANGLE_OBS_DID,KMNIST_PROXY,7,48,0.0,greedy_operator_optimized,0.8416666666666667,0.841639731028291,0.10791301727294922,0.0,,
EXP_SIM_2_ENTANGLE_OBS_DID,KMNIST_PROXY,7,48,0.25,fixed_pauli_subset,0.8027777777777778,0.8027403501188403,0.11653256416320801,0.2,,
EXP_SIM_2_ENTANGLE_OBS_DID,KMNIST_PROXY,7,48,0.25,greedy_operator_optimized,0.7916666666666666,0.7914675924343653,0.11042284965515137,0.2,,
EXP_SIM_2_ENTANGLE_OBS_DID,KMNIST_PROXY,7,48,0.5,fixed_pauli_subset,0.8027777777777778,0.8027403501188403,0.11062836647033691,0.4,,
EXP_SIM_2_ENTANGLE_OBS_DID,KMNIST_PROXY,7,48,0.5,greedy_operator_optimized,0.7916666666666666,0.7914675924343653,0.11168456077575684,0.4,,
EXP_SIM_2_ENTANGLE_OBS_DID,KMNIST_PROXY,7,48,0.75,fixed_pauli_subset,0.7944444444444444,0.7942993778464904,0.10969209671020508,0.6000000000000001,,
EXP_SIM_2_ENTANGLE_OBS_DID,KMNIST_PROXY,7,48,0.75,greedy_operator_optimized,0.7861111111111111,0.7861440986087654,0.10776686668395996,0.6000000000000001,,
EXP_SIM_2_ENTANGLE_OBS_DID,KMNIST_PROXY,7,48,1.0,fixed_pauli_subset,0.7694444444444445,0.7686234670325056,0.1423964500427246,0.8,,
EXP_SIM_2_ENTANGLE_OBS_DID,KMNIST_PROXY,7,48,1.0,greedy_operator_optimized,0.75,0.7497845447683364,0.11839580535888672,0.8,,
EXP_SIM_2_ENTANGLE_OBS_DID,KMNIST_PROXY,7,48,0.0,did_summary,,,,0.0,0.0,0.8396600548426311
EXP_SIM_2_ENTANGLE_OBS_DID,KMNIST_PROXY,7,48,0.25,did_summary,,,,0.2,-0.011111111111111183,0.789397112528483
EXP_SIM_2_ENTANGLE_OBS_DID,KMNIST_PROXY,7,48,0.5,did_summary,,,,0.4,-0.011111111111111183,0.7894435373942057
EXP_SIM_2_ENTANGLE_OBS_DID,KMNIST_PROXY,7,48,0.75,did_summary,,,,0.6000000000000001,-0.008333333333333304,0.7839365214771694
EXP_SIM_2_ENTANGLE_OBS_DID,KMNIST_PROXY,7,48,1.0,did_summary,,,,0.8,-0.019444444444444486,0.7473920774459839
EXP_SIM_2_ENTANGLE_OBS_DID,KMNIST_PROXY,11,16,0.0,fixed_pauli_subset,0.9388888888888889,0.9386079970532487,0.08698201179504395,0.0,,
EXP_SIM_2_ENTANGLE_OBS_DID,KMNIST_PROXY,11,16,0.0,greedy_operator_optimized,0.9416666666666667,0.941440289057667,0.010626077651977539,0.0,,
EXP_SIM_2_ENTANGLE_OBS_DID,KMNIST_PROXY,11,16,0.25,fixed_pauli_subset,0.9472222222222222,0.9471668366362559,0.012235164642333984,0.2,,
EXP_SIM_2_ENTANGLE_OBS_DID,KMNIST_PROXY,11,16,0.25,greedy_operator_optimized,0.9527777777777777,0.9527274403755206,0.015154600143432617,0.2,,
EXP_SIM_2_ENTANGLE_OBS_DID,KMNIST_PROXY,11,16,0.5,fixed_pauli_subset,0.9472222222222222,0.9471668366362559,0.011862754821777344,0.4,,
EXP_SIM_2_ENTANGLE_OBS_DID,KMNIST_PROXY,11,16,0.5,greedy_operator_optimized,0.9527777777777777,0.9527274403755206,0.014459848403930664,0.4,,
EXP_SIM_2_ENTANGLE_OBS_DID,KMNIST_PROXY,11,16,0.75,fixed_pauli_subset,0.9472222222222222,0.9472317501530061,0.012877464294433594,0.6000000000000001,,
EXP_SIM_2_ENTANGLE_OBS_DID,KMNIST_PROXY,11,16,0.75,greedy_operator_optimized,0.9444444444444444,0.9443784048146135,0.028687715530395508,0.6000000000000001,,
EXP_SIM_2_ENTANGLE_OBS_DID,KMNIST_PROXY,11,16,1.0,fixed_pauli_subset,0.9472222222222222,0.9471338330695845,0.020437955856323242,0.8,,
EXP_SIM_2_ENTANGLE_OBS_DID,KMNIST_PROXY,11,16,1.0,greedy_operator_optimized,0.9472222222222222,0.9471338330695845,0.01801443099975586,0.8,,
EXP_SIM_2_ENTANGLE_OBS_DID,KMNIST_PROXY,11,16,0.0,did_summary,,,,0.0,0.0,0.9406905857721964
EXP_SIM_2_ENTANGLE_OBS_DID,KMNIST_PROXY,11,16,0.25,did_summary,,,,0.2,0.002777777777777768,0.95250388012992
EXP_SIM_2_ENTANGLE_OBS_DID,KMNIST_PROXY,11,16,0.5,did_summary,,,,0.4,0.002777777777777768,0.9525145517455207
EXP_SIM_2_ENTANGLE_OBS_DID,KMNIST_PROXY,11,16,0.75,did_summary,,,,0.6000000000000001,-0.005555555555555536,0.9440287926461961
EXP_SIM_2_ENTANGLE_OBS_DID,KMNIST_PROXY,11,16,1.0,did_summary,,,,0.8,-0.002777777777777768,0.9468376983536614
EXP_SIM_2_ENTANGLE_OBS_DID,KMNIST_PROXY,11,32,0.0,fixed_pauli_subset,0.9194444444444444,0.9200182783265436,0.0422816276550293,0.0,,
EXP_SIM_2_ENTANGLE_OBS_DID,KMNIST_PROXY,11,32,0.0,greedy_operator_optimized,0.925,0.9254507531662151,0.03451824188232422,0.0,,
EXP_SIM_2_ENTANGLE_OBS_DID,KMNIST_PROXY,11,32,0.25,fixed_pauli_subset,0.9277777777777778,0.9281800333888155,0.038016319274902344,0.2,,
EXP_SIM_2_ENTANGLE_OBS_DID,KMNIST_PROXY,11,32,0.25,greedy_operator_optimized,0.9222222222222223,0.9227311196065143,0.03766965866088867,0.2,,
EXP_SIM_2_ENTANGLE_OBS_DID,KMNIST_PROXY,11,32,0.5,fixed_pauli_subset,0.9277777777777778,0.9281800333888155,0.07925200462341309,0.4,,
EXP_SIM_2_ENTANGLE_OBS_DID,KMNIST_PROXY,11,32,0.5,greedy_operator_optimized,0.9222222222222223,0.9227311196065143,0.07787418365478516,0.4,,
EXP_SIM_2_ENTANGLE_OBS_DID,KMNIST_PROXY,11,32,0.75,fixed_pauli_subset,0.9222222222222223,0.922328212763577,0.10070419311523438,0.6000000000000001,,
EXP_SIM_2_ENTANGLE_OBS_DID,KMNIST_PROXY,11,32,0.75,greedy_operator_optimized,0.9194444444444444,0.9195123832354186,0.09485840797424316,0.6000000000000001,,
EXP_SIM_2_ENTANGLE_OBS_DID,KMNIST_PROXY,11,32,1.0,fixed_pauli_subset,0.8944444444444445,0.8949056027529885,0.10423874855041504,0.8,,
EXP_SIM_2_ENTANGLE_OBS_DID,KMNIST_PROXY,11,32,1.0,greedy_operator_optimized,0.8944444444444445,0.8945778489581308,0.09469151496887207,0.8,,
EXP_SIM_2_ENTANGLE_OBS_DID,KMNIST_PROXY,11,32,0.0,did_summary,,,,0.0,0.0,0.9242320013046265
EXP_SIM_2_ENTANGLE_OBS_DID,KMNIST_PROXY,11,32,0.25,did_summary,,,,0.2,-0.011111111111111183,0.9214653624428644
EXP_SIM_2_ENTANGLE_OBS_DID,KMNIST_PROXY,11,32,0.5,did_summary,,,,0.4,-0.011111111111111183,0.9206509603394403
EXP_SIM_2_ENTANGLE_OBS_DID,KMNIST_PROXY,11,32,0.75,did_summary,,,,0.6000000000000001,-0.008333333333333526,0.9174888184335496
EXP_SIM_2_ENTANGLE_OBS_DID,KMNIST_PROXY,11,32,1.0,did_summary,,,,0.8,-0.005555555555555647,0.8924551418092516
EXP_SIM_2_ENTANGLE_OBS_DID,KMNIST_PROXY,11,48,0.0,fixed_pauli_subset,0.8583333333333333,0.860067602275171,0.024751901626586914,0.0,,
EXP_SIM_2_ENTANGLE_OBS_DID,KMNIST_PROXY,11,48,0.0,greedy_operator_optimized,0.8666666666666667,0.868123436554319,0.026195764541625977,0.0,,
EXP_SIM_2_ENTANGLE_OBS_DID,KMNIST_PROXY,11,48,0.25,fixed_pauli_subset,0.8611111111111112,0.8624740436320215,0.034682273864746094,0.2,,
EXP_SIM_2_ENTANGLE_OBS_DID,KMNIST_PROXY,11,48,0.25,greedy_operator_optimized,0.8527777777777777,0.8544494847755717,0.03476762771606445,0.2,,
EXP_SIM_2_ENTANGLE_OBS_DID,KMNIST_PROXY,11,48,0.5,fixed_pauli_subset,0.8611111111111112,0.8624740436320215,0.06377077102661133,0.4,,
EXP_SIM_2_ENTANGLE_OBS_DID,KMNIST_PROXY,11,48,0.5,greedy_operator_optimized,0.8527777777777777,0.8544494847755717,0.09688806533813477,0.4,,
EXP_SIM_2_ENTANGLE_OBS_DID,KMNIST_PROXY,11,48,0.75,fixed_pauli_subset,0.8305555555555556,0.8312952600168838,0.08899402618408203,0.6000000000000001,,
EXP_SIM_2_ENTANGLE_OBS_DID,KMNIST_PROXY,11,48,0.75,greedy_operator_optimized,0.8277777777777777,0.8281956146755401,0.0942988395690918,0.6000000000000001,,
EXP_SIM_2_ENTANGLE_OBS_DID,KMNIST_PROXY,11,48,1.0,fixed_pauli_subset,0.8,0.8025349780797857,0.09998154640197754,0.8,,
EXP_SIM_2_ENTANGLE_OBS_DID,KMNIST_PROXY,11,48,1.0,greedy_operator_optimized,0.7972222222222223,0.800650278863056,0.0980379581451416,0.8,,
EXP_SIM_2_ENTANGLE_OBS_DID,KMNIST_PROXY,11,48,0.0,did_summary,,,,0.0,0.0,0.8661571900049846
EXP_SIM_2_ENTANGLE_OBS_DID,KMNIST_PROXY,11,48,0.25,did_summary,,,,0.2,-0.01666666666666683,0.8520832787619697
EXP_SIM_2_ENTANGLE_OBS_DID,KMNIST_PROXY,11,48,0.5,did_summary,,,,0.4,-0.01666666666666683,0.8511711894141303
EXP_SIM_2_ENTANGLE_OBS_DID,KMNIST_PROXY,11,48,0.75,did_summary,,,,0.6000000000000001,-0.011111111111111294,0.825944849120246
EXP_SIM_2_ENTANGLE_OBS_DID,KMNIST_PROXY,11,48,1.0,did_summary,,,,0.8,-0.011111111111111183,0.7952420271767511
EXP_SIM_2_ENTANGLE_OBS_DID,KMNIST_PROXY,19,16,0.0,fixed_pauli_subset,0.9611111111111111,0.9608955613644019,0.08959841728210449,0.0,,
EXP_SIM_2_ENTANGLE_OBS_DID,KMNIST_PROXY,19,16,0.0,greedy_operator_optimized,0.9638888888888889,0.9637496589227247,0.012211799621582031,0.0,,
EXP_SIM_2_ENTANGLE_OBS_DID,KMNIST_PROXY,19,16,0.25,fixed_pauli_subset,0.95,0.9500800620706416,0.011965274810791016,0.2,,
EXP_SIM_2_ENTANGLE_OBS_DID,KMNIST_PROXY,19,16,0.25,greedy_operator_optimized,0.95,0.9500800620706416,0.011845588684082031,0.2,,
EXP_SIM_2_ENTANGLE_OBS_DID,KMNIST_PROXY,19,16,0.5,fixed_pauli_subset,0.95,0.9500800620706416,0.014589548110961914,0.4,,
EXP_SIM_2_ENTANGLE_OBS_DID,KMNIST_PROXY,19,16,0.5,greedy_operator_optimized,0.95,0.9500800620706416,0.011622428894042969,0.4,,
EXP_SIM_2_ENTANGLE_OBS_DID,KMNIST_PROXY,19,16,0.75,fixed_pauli_subset,0.9444444444444444,0.9446119132463284,0.016064882278442383,0.6000000000000001,,
EXP_SIM_2_ENTANGLE_OBS_DID,KMNIST_PROXY,19,16,0.75,greedy_operator_optimized,0.9472222222222222,0.9476350977492777,0.012286186218261719,0.6000000000000001,,
EXP_SIM_2_ENTANGLE_OBS_DID,KMNIST_PROXY,19,16,1.0,fixed_pauli_subset,0.9416666666666667,0.9423142972784204,0.015524625778198242,0.8,,
EXP_SIM_2_ENTANGLE_OBS_DID,KMNIST_PROXY,19,16,1.0,greedy_operator_optimized,0.9416666666666667,0.9423142972784204,0.016579151153564453,0.8,,
EXP_SIM_2_ENTANGLE_OBS_DID,KMNIST_PROXY,19,16,0.0,did_summary,,,,0.0,0.0,0.962870786719852
EXP_SIM_2_ENTANGLE_OBS_DID,KMNIST_PROXY,19,16,0.25,did_summary,,,,0.2,-0.002777777777777768,0.9497618913650512
EXP_SIM_2_ENTANGLE_OBS_DID,KMNIST_PROXY,19,16,0.5,did_summary,,,,0.4,-0.002777777777777768,0.9497378802299499
EXP_SIM_2_ENTANGLE_OBS_DID,KMNIST_PROXY,19,16,0.75,did_summary,,,,0.6000000000000001,0.0,0.9469387115372552
EXP_SIM_2_ENTANGLE_OBS_DID,KMNIST_PROXY,19,16,1.0,did_summary,,,,0.8,-0.002777777777777768,0.9413456288973491
EXP_SIM_2_ENTANGLE_OBS_DID,KMNIST_PROXY,19,32,0.0,fixed_pauli_subset,0.9305555555555556,0.9304792731981534,0.0870506763458252,0.0,,
EXP_SIM_2_ENTANGLE_OBS_DID,KMNIST_PROXY,19,32,0.0,greedy_operator_optimized,0.9333333333333333,0.933205534670894,0.08469748497009277,0.0,,
EXP_SIM_2_ENTANGLE_OBS_DID,KMNIST_PROXY,19,32,0.25,fixed_pauli_subset,0.925,0.925475689888121,0.11915755271911621,0.2,,
EXP_SIM_2_ENTANGLE_OBS_DID,KMNIST_PROXY,19,32,0.25,greedy_operator_optimized,0.9194444444444444,0.9196249860504151,0.12244176864624023,0.2,,
EXP_SIM_2_ENTANGLE_OBS_DID,KMNIST_PROXY,19,32,0.5,fixed_pauli_subset,0.925,0.925475689888121,0.10156440734863281,0.4,,
EXP_SIM_2_ENTANGLE_OBS_DID,KMNIST_PROXY,19,32,0.5,greedy_operator_optimized,0.9194444444444444,0.9196249860504151,0.07083702087402344,0.4,,
EXP_SIM_2_ENTANGLE_OBS_DID,KMNIST_PROXY,19,32,0.75,fixed_pauli_subset,0.9305555555555556,0.930722702218264,0.10020637512207031,0.6000000000000001,,
EXP_SIM_2_ENTANGLE_OBS_DID,KMNIST_PROXY,19,32,0.75,greedy_operator_optimized,0.925,0.9252997965654728,0.09431743621826172,0.6000000000000001,,
EXP_SIM_2_ENTANGLE_OBS_DID,KMNIST_PROXY,19,32,1.0,fixed_pauli_subset,0.9194444444444444,0.9199048838485459,0.035943031311035156,0.8,,
EXP_SIM_2_ENTANGLE_OBS_DID,KMNIST_PROXY,19,32,1.0,greedy_operator_optimized,0.9083333333333333,0.9092707041938091,0.053659915924072266,0.8,,
EXP_SIM_2_ENTANGLE_OBS_DID,KMNIST_PROXY,19,32,0.0,did_summary,,,,0.0,0.0,0.9316158517201741
EXP_SIM_2_ENTANGLE_OBS_DID,KMNIST_PROXY,19,32,0.25,did_summary,,,,0.2,-0.008333333333333415,0.9170284512307908
EXP_SIM_2_ENTANGLE_OBS_DID,KMNIST_PROXY,19,32,0.5,did_summary,,,,0.4,-0.008333333333333415,0.9177204301622178
EXP_SIM_2_ENTANGLE_OBS_DID,KMNIST_PROXY,19,32,0.75,did_summary,,,,0.6000000000000001,-0.008333333333333304,0.9230547618865967
EXP_SIM_2_ENTANGLE_OBS_DID,KMNIST_PROXY,19,32,1.0,did_summary,,,,0.8,-0.01388888888888884,0.9074373038609822
EXP_SIM_2_ENTANGLE_OBS_DID,KMNIST_PROXY,19,48,0.0,fixed_pauli_subset,0.8638888888888889,0.8648412981546386,0.026807069778442383,0.0,,
EXP_SIM_2_ENTANGLE_OBS_DID,KMNIST_PROXY,19,48,0.0,greedy_operator_optimized,0.8583333333333333,0.8595131067841937,0.04067873954772949,0.0,,
EXP_SIM_2_ENTANGLE_OBS_DID,KMNIST_PROXY,19,48,0.25,fixed_pauli_subset,0.875,0.8755522250249083,0.09572482109069824,0.2,,
EXP_SIM_2_ENTANGLE_OBS_DID,KMNIST_PROXY,19,48,0.25,greedy_operator_optimized,0.8722222222222222,0.8730996478780547,0.09745907783508301,0.2,,
EXP_SIM_2_ENTANGLE_OBS_DID,KMNIST_PROXY,19,48,0.5,fixed_pauli_subset,0.875,0.8755522250249083,0.09895133972167969,0.4,,
EXP_SIM_2_ENTANGLE_OBS_DID,KMNIST_PROXY,19,48,0.5,greedy_operator_optimized,0.8722222222222222,0.8730996478780547,0.09859895706176758,0.4,,
EXP_SIM_2_ENTANGLE_OBS_DID,KMNIST_PROXY,19,48,0.75,fixed_pauli_subset,0.8638888888888889,0.8650971813468328,0.09944009780883789,0.6000000000000001,,
EXP_SIM_2_ENTANGLE_OBS_DID,KMNIST_PROXY,19,48,0.75,greedy_operator_optimized,0.8583333333333333,0.8595495639714784,0.10035872459411621,0.6000000000000001,,
EXP_SIM_2_ENTANGLE_OBS_DID,KMNIST_PROXY,19,48,1.0,fixed_pauli_subset,0.8388888888888889,0.840855841376985,0.09954285621643066,0.8,,
EXP_SIM_2_ENTANGLE_OBS_DID,KMNIST_PROXY,19,48,1.0,greedy_operator_optimized,0.8333333333333334,0.8352726466224608,0.10217571258544922,0.8,,
EXP_SIM_2_ENTANGLE_OBS_DID,KMNIST_PROXY,19,48,0.0,did_summary,,,,0.0,0.0,0.8576584752400715
EXP_SIM_2_ENTANGLE_OBS_DID,KMNIST_PROXY,19,48,0.25,did_summary,,,,0.2,0.002777777777777879,0.8702903832329644
EXP_SIM_2_ENTANGLE_OBS_DID,KMNIST_PROXY,19,48,0.5,did_summary,,,,0.4,0.002777777777777879,0.8702467192543878
EXP_SIM_2_ENTANGLE_OBS_DID,KMNIST_PROXY,19,48,0.75,did_summary,,,,0.6000000000000001,0.0,0.8563353451093038
EXP_SIM_2_ENTANGLE_OBS_DID,KMNIST_PROXY,19,48,1.0,did_summary,,,,0.8,1.1102230246251565e-16,0.8313161476453146
EXP_SIM_2_ENTANGLE_OBS_DID,KMNIST_PROXY,23,16,0.0,fixed_pauli_subset,0.9472222222222222,0.9471828576071519,0.018830299377441406,0.0,,
EXP_SIM_2_ENTANGLE_OBS_DID,KMNIST_PROXY,23,16,0.0,greedy_operator_optimized,0.95,0.9499211027015615,0.018333911895751953,0.0,,
EXP_SIM_2_ENTANGLE_OBS_DID,KMNIST_PROXY,23,16,0.25,fixed_pauli_subset,0.95,0.9501257498804601,0.02310919761657715,0.2,,
EXP_SIM_2_ENTANGLE_OBS_DID,KMNIST_PROXY,23,16,0.25,greedy_operator_optimized,0.9583333333333334,0.9583092538578233,0.023212671279907227,0.2,,
EXP_SIM_2_ENTANGLE_OBS_DID,KMNIST_PROXY,23,16,0.5,fixed_pauli_subset,0.95,0.9501257498804601,0.011894464492797852,0.4,,
EXP_SIM_2_ENTANGLE_OBS_DID,KMNIST_PROXY,23,16,0.5,greedy_operator_optimized,0.9583333333333334,0.9583092538578233,0.015308856964111328,0.4,,
EXP_SIM_2_ENTANGLE_OBS_DID,KMNIST_PROXY,23,16,0.75,fixed_pauli_subset,0.9583333333333334,0.958296080014113,0.016236305236816406,0.6000000000000001,,
EXP_SIM_2_ENTANGLE_OBS_DID,KMNIST_PROXY,23,16,0.75,greedy_operator_optimized,0.9555555555555556,0.9556259946439557,0.015901803970336914,0.6000000000000001,,
EXP_SIM_2_ENTANGLE_OBS_DID,KMNIST_PROXY,23,16,1.0,fixed_pauli_subset,0.9527777777777777,0.9529204060848988,0.016505956649780273,0.8,,
EXP_SIM_2_ENTANGLE_OBS_DID,KMNIST_PROXY,23,16,1.0,greedy_operator_optimized,0.9583333333333334,0.9583330622017803,0.016603946685791016,0.8,,
EXP_SIM_2_ENTANGLE_OBS_DID,KMNIST_PROXY,23,16,0.0,did_summary,,,,0.0,0.0,0.9496283578872681
EXP_SIM_2_ENTANGLE_OBS_DID,KMNIST_PROXY,23,16,0.25,did_summary,,,,0.2,0.005555555555555647,0.9578701146443686
EXP_SIM_2_ENTANGLE_OBS_DID,KMNIST_PROXY,23,16,0.5,did_summary,,,,0.4,0.005555555555555647,0.9580613001187642
EXP_SIM_2_ENTANGLE_OBS_DID,KMNIST_PROXY,23,16,0.75,did_summary,,,,0.6000000000000001,-0.005555555555555536,0.955234174463484
EXP_SIM_2_ENTANGLE_OBS_DID,KMNIST_PROXY,23,16,1.0,did_summary,,,,0.8,0.002777777777777879,0.9580022342999777
EXP_SIM_2_ENTANGLE_OBS_DID,KMNIST_PROXY,23,32,0.0,fixed_pauli_subset,0.9083333333333333,0.9082339674735653,0.015093803405761719,0.0,,
EXP_SIM_2_ENTANGLE_OBS_DID,KMNIST_PROXY,23,32,0.0,greedy_operator_optimized,0.9055555555555556,0.9059615709866782,0.020089387893676758,0.0,,
EXP_SIM_2_ENTANGLE_OBS_DID,KMNIST_PROXY,23,32,0.25,fixed_pauli_subset,0.8944444444444445,0.8935647435106201,0.022741317749023438,0.2,,
EXP_SIM_2_ENTANGLE_OBS_DID,KMNIST_PROXY,23,32,0.25,greedy_operator_optimized,0.8888888888888888,0.8882730984692306,0.02006220817565918,0.2,,
EXP_SIM_2_ENTANGLE_OBS_DID,KMNIST_PROXY,23,32,0.5,fixed_pauli_subset,0.8944444444444445,0.8935647435106201,0.016765117645263672,0.4,,
EXP_SIM_2_ENTANGLE_OBS_DID,KMNIST_PROXY,23,32,0.5,greedy_operator_optimized,0.8888888888888888,0.8882730984692306,0.01670074462890625,0.4,,
EXP_SIM_2_ENTANGLE_OBS_DID,KMNIST_PROXY,23,32,0.75,fixed_pauli_subset,0.8916666666666667,0.8903449343194023,0.046768903732299805,0.6000000000000001,,
EXP_SIM_2_ENTANGLE_OBS_DID,KMNIST_PROXY,23,32,0.75,greedy_operator_optimized,0.8833333333333333,0.8821906782389421,0.049620866775512695,0.6000000000000001,,
EXP_SIM_2_ENTANGLE_OBS_DID,KMNIST_PROXY,23,32,1.0,fixed_pauli_subset,0.8722222222222222,0.8726613944702415,0.0937802791595459,0.8,,
EXP_SIM_2_ENTANGLE_OBS_DID,KMNIST_PROXY,23,32,1.0,greedy_operator_optimized,0.8638888888888889,0.8648071928663617,0.09432053565979004,0.8,,
EXP_SIM_2_ENTANGLE_OBS_DID,KMNIST_PROXY,23,32,0.0,did_summary,,,,0.0,0.0,0.9052037236425612
EXP_SIM_2_ENTANGLE_OBS_DID,KMNIST_PROXY,23,32,0.25,did_summary,,,,0.2,-0.002777777777777879,0.888460853629642
EXP_SIM_2_ENTANGLE_OBS_DID,KMNIST_PROXY,23,32,0.5,did_summary,,,,0.4,-0.002777777777777879,0.8885542302661471
EXP_SIM_2_ENTANGLE_OBS_DID,KMNIST_PROXY,23,32,0.75,did_summary,,,,0.6000000000000001,-0.005555555555555647,0.8823694356282552
EXP_SIM_2_ENTANGLE_OBS_DID,KMNIST_PROXY,23,32,1.0,did_summary,,,,0.8,-0.005555555555555536,0.8620078807406956
EXP_SIM_2_ENTANGLE_OBS_DID,KMNIST_PROXY,23,48,0.0,fixed_pauli_subset,0.8694444444444445,0.8706833382735528,0.024492740631103516,0.0,,
EXP_SIM_2_ENTANGLE_OBS_DID,KMNIST_PROXY,23,48,0.0,greedy_operator_optimized,0.8666666666666667,0.8676465373346021,0.028653621673583984,0.0,,
EXP_SIM_2_ENTANGLE_OBS_DID,KMNIST_PROXY,23,48,0.25,fixed_pauli_subset,0.8472222222222222,0.847233441230579,0.02872490882873535,0.2,,
EXP_SIM_2_ENTANGLE_OBS_DID,KMNIST_PROXY,23,48,0.25,greedy_operator_optimized,0.8444444444444444,0.8445533723955831,0.028729677200317383,0.2,,
EXP_SIM_2_ENTANGLE_OBS_DID,KMNIST_PROXY,23,48,0.5,fixed_pauli_subset,0.8472222222222222,0.847233441230579,0.027718544006347656,0.4,,
EXP_SIM_2_ENTANGLE_OBS_DID,KMNIST_PROXY,23,48,0.5,greedy_operator_optimized,0.8444444444444444,0.8445533723955831,0.022770166397094727,0.4,,
EXP_SIM_2_ENTANGLE_OBS_DID,KMNIST_PROXY,23,48,0.75,fixed_pauli_subset,0.8277777777777777,0.8284012262542296,0.03034377098083496,0.6000000000000001,,
EXP_SIM_2_ENTANGLE_OBS_DID,KMNIST_PROXY,23,48,0.75,greedy_operator_optimized,0.8277777777777777,0.8284012262542296,0.11377072334289551,0.6000000000000001,,
EXP_SIM_2_ENTANGLE_OBS_DID,KMNIST_PROXY,23,48,1.0,fixed_pauli_subset,0.8083333333333333,0.8088799464327605,0.10365653038024902,0.8,,
EXP_SIM_2_ENTANGLE_OBS_DID,KMNIST_PROXY,23,48,1.0,greedy_operator_optimized,0.8111111111111111,0.8114059178337725,0.09681081771850586,0.8,,
EXP_SIM_2_ENTANGLE_OBS_DID,KMNIST_PROXY,23,48,0.0,did_summary,,,,0.0,0.0,0.8661352030436198
EXP_SIM_2_ENTANGLE_OBS_DID,KMNIST_PROXY,23,48,0.25,did_summary,,,,0.2,0.0,0.843869898584154
EXP_SIM_2_ENTANGLE_OBS_DID,KMNIST_PROXY,23,48,0.5,did_summary,,,,0.4,0.0,0.84393955734041
EXP_SIM_2_ENTANGLE_OBS_DID,KMNIST_PROXY,23,48,0.75,did_summary,,,,0.6000000000000001,0.002777777777777768,0.8263366328345404
EXP_SIM_2_ENTANGLE_OBS_DID,KMNIST_PROXY,23,48,1.0,did_summary,,,,0.8,0.005555555555555536,0.8091064376301236
EXP_SIM_2_ENTANGLE_OBS_DID,KMNIST_PROXY,42,16,0.0,fixed_pauli_subset,0.9527777777777777,0.9526110954260674,0.08900928497314453,0.0,,
EXP_SIM_2_ENTANGLE_OBS_DID,KMNIST_PROXY,42,16,0.0,greedy_operator_optimized,0.9527777777777777,0.9526110954260674,0.015206575393676758,0.0,,
EXP_SIM_2_ENTANGLE_OBS_DID,KMNIST_PROXY,42,16,0.25,fixed_pauli_subset,0.9527777777777777,0.9523050955416835,0.01659870147705078,0.2,,
EXP_SIM_2_ENTANGLE_OBS_DID,KMNIST_PROXY,42,16,0.25,greedy_operator_optimized,0.9527777777777777,0.9521415277554578,0.01275014877319336,0.2,,
EXP_SIM_2_ENTANGLE_OBS_DID,KMNIST_PROXY,42,16,0.5,fixed_pauli_subset,0.9527777777777777,0.9523050955416835,0.015105009078979492,0.4,,
EXP_SIM_2_ENTANGLE_OBS_DID,KMNIST_PROXY,42,16,0.5,greedy_operator_optimized,0.9527777777777777,0.9521415277554578,0.01563549041748047,0.4,,
EXP_SIM_2_ENTANGLE_OBS_DID,KMNIST_PROXY,42,16,0.75,fixed_pauli_subset,0.9527777777777777,0.952566028032939,0.016596317291259766,0.6000000000000001,,
EXP_SIM_2_ENTANGLE_OBS_DID,KMNIST_PROXY,42,16,0.75,greedy_operator_optimized,0.9444444444444444,0.9441070550167598,0.023067235946655273,0.6000000000000001,,
EXP_SIM_2_ENTANGLE_OBS_DID,KMNIST_PROXY,42,16,1.0,fixed_pauli_subset,0.9472222222222222,0.9472356977026088,0.02707839012145996,0.8,,
EXP_SIM_2_ENTANGLE_OBS_DID,KMNIST_PROXY,42,16,1.0,greedy_operator_optimized,0.9444444444444444,0.9443849017011278,0.018935441970825195,0.8,,
EXP_SIM_2_ENTANGLE_OBS_DID,KMNIST_PROXY,42,16,0.0,did_summary,,,,0.0,0.0,0.9517356191741095
EXP_SIM_2_ENTANGLE_OBS_DID,KMNIST_PROXY,42,16,0.25,did_summary,,,,0.2,0.0,0.9524842892752753
EXP_SIM_2_ENTANGLE_OBS_DID,KMNIST_PROXY,42,16,0.5,did_summary,,,,0.4,0.0,0.9524703727828131
EXP_SIM_2_ENTANGLE_OBS_DID,KMNIST_PROXY,42,16,0.75,did_summary,,,,0.6000000000000001,-0.008333333333333304,0.9440478089120653
EXP_SIM_2_ENTANGLE_OBS_DID,KMNIST_PROXY,42,16,1.0,did_summary,,,,0.8,-0.002777777777777768,0.9439843061235216
EXP_SIM_2_ENTANGLE_OBS_DID,KMNIST_PROXY,42,32,0.0,fixed_pauli_subset,0.9194444444444444,0.919443097375989,0.08746528625488281,0.0,,
EXP_SIM_2_ENTANGLE_OBS_DID,KMNIST_PROXY,42,32,0.0,greedy_operator_optimized,0.9166666666666666,0.9164653845517285,0.047537803649902344,0.0,,
EXP_SIM_2_ENTANGLE_OBS_DID,KMNIST_PROXY,42,32,0.25,fixed_pauli_subset,0.9027777777777778,0.9031153750882275,0.06508922576904297,0.2,,
EXP_SIM_2_ENTANGLE_OBS_DID,KMNIST_PROXY,42,32,0.25,greedy_operator_optimized,0.9027777777777778,0.903181331731456,0.058936357498168945,0.2,,
EXP_SIM_2_ENTANGLE_OBS_DID,KMNIST_PROXY,42,32,0.5,fixed_pauli_subset,0.9027777777777778,0.9031153750882275,0.02808856964111328,0.4,,
EXP_SIM_2_ENTANGLE_OBS_DID,KMNIST_PROXY,42,32,0.5,greedy_operator_optimized,0.9027777777777778,0.903181331731456,0.04126787185668945,0.4,,
EXP_SIM_2_ENTANGLE_OBS_DID,KMNIST_PROXY,42,32,0.75,fixed_pauli_subset,0.9027777777777778,0.9025371505425376,0.0797572135925293,0.6000000000000001,,
EXP_SIM_2_ENTANGLE_OBS_DID,KMNIST_PROXY,42,32,0.75,greedy_operator_optimized,0.9027777777777778,0.9023855194593997,0.09329056739807129,0.6000000000000001,,
EXP_SIM_2_ENTANGLE_OBS_DID,KMNIST_PROXY,42,32,1.0,fixed_pauli_subset,0.8805555555555555,0.8802846739848439,0.09341716766357422,0.8,,
EXP_SIM_2_ENTANGLE_OBS_DID,KMNIST_PROXY,42,32,1.0,greedy_operator_optimized,0.8666666666666667,0.8664732037893923,0.10631108283996582,0.8,,
EXP_SIM_2_ENTANGLE_OBS_DID,KMNIST_PROXY,42,32,0.0,did_summary,,,,0.0,0.0,0.9153166357676188
EXP_SIM_2_ENTANGLE_OBS_DID,KMNIST_PROXY,42,32,0.25,did_summary,,,,0.2,0.002777777777777768,0.9015375219451057
EXP_SIM_2_ENTANGLE_OBS_DID,KMNIST_PROXY,42,32,0.5,did_summary,,,,0.4,0.002777777777777768,0.9020842133627998
EXP_SIM_2_ENTANGLE_OBS_DID,KMNIST_PROXY,42,32,0.75,did_summary,,,,0.6000000000000001,0.002777777777777768,0.9010472999678718
EXP_SIM_2_ENTANGLE_OBS_DID,KMNIST_PROXY,42,32,1.0,did_summary,,,,0.8,-0.011111111111111072,0.8646693841616313
EXP_SIM_2_ENTANGLE_OBS_DID,KMNIST_PROXY,42,48,0.0,fixed_pauli_subset,0.8638888888888889,0.8643575002159505,0.1074984073638916,0.0,,
EXP_SIM_2_ENTANGLE_OBS_DID,KMNIST_PROXY,42,48,0.0,greedy_operator_optimized,0.8583333333333333,0.8589764939237664,0.09440755844116211,0.0,,
EXP_SIM_2_ENTANGLE_OBS_DID,KMNIST_PROXY,42,48,0.25,fixed_pauli_subset,0.8527777777777777,0.8516517486231093,0.10766458511352539,0.2,,
EXP_SIM_2_ENTANGLE_OBS_DID,KMNIST_PROXY,42,48,0.25,greedy_operator_optimized,0.8527777777777777,0.851160519395098,0.04033207893371582,0.2,,
EXP_SIM_2_ENTANGLE_OBS_DID,KMNIST_PROXY,42,48,0.5,fixed_pauli_subset,0.8527777777777777,0.8516517486231093,0.03460288047790527,0.4,,
EXP_SIM_2_ENTANGLE_OBS_DID,KMNIST_PROXY,42,48,0.5,greedy_operator_optimized,0.8527777777777777,0.851160519395098,0.04070758819580078,0.4,,
EXP_SIM_2_ENTANGLE_OBS_DID,KMNIST_PROXY,42,48,0.75,fixed_pauli_subset,0.8305555555555556,0.8286518163692055,0.04072260856628418,0.6000000000000001,,
EXP_SIM_2_ENTANGLE_OBS_DID,KMNIST_PROXY,42,48,0.75,greedy_operator_optimized,0.8277777777777777,0.826045661931747,0.0467371940612793,0.6000000000000001,,
EXP_SIM_2_ENTANGLE_OBS_DID,KMNIST_PROXY,42,48,1.0,fixed_pauli_subset,0.8027777777777778,0.8008434057581016,0.04672360420227051,0.8,,
EXP_SIM_2_ENTANGLE_OBS_DID,KMNIST_PROXY,42,48,1.0,greedy_operator_optimized,0.7972222222222223,0.7951898882310546,0.05874061584472656,0.8,,
EXP_SIM_2_ENTANGLE_OBS_DID,KMNIST_PROXY,42,48,0.0,did_summary,,,,0.0,0.0,0.8563142736752828
EXP_SIM_2_ENTANGLE_OBS_DID,KMNIST_PROXY,42,48,0.25,did_summary,,,,0.2,0.005555555555555647,0.8512978111373053
EXP_SIM_2_ENTANGLE_OBS_DID,KMNIST_PROXY,42,48,0.5,did_summary,,,,0.4,0.005555555555555647,0.8520246730910407
EXP_SIM_2_ENTANGLE_OBS_DID,KMNIST_PROXY,42,48,0.75,did_summary,,,,0.6000000000000001,0.002777777777777768,0.8269031797515021
EXP_SIM_2_ENTANGLE_OBS_DID,KMNIST_PROXY,42,48,1.0,did_summary,,,,0.8,1.1102230246251565e-16,0.7961675800217523
EXP_SIM_2_ENTANGLE_OBS_DID,KMNIST_PROXY,73,16,0.0,fixed_pauli_subset,0.9472222222222222,0.947261776138704,0.08495497703552246,0.0,,
EXP_SIM_2_ENTANGLE_OBS_DID,KMNIST_PROXY,73,16,0.0,greedy_operator_optimized,0.9444444444444444,0.9446246047207107,0.01116800308227539,0.0,,
EXP_SIM_2_ENTANGLE_OBS_DID,KMNIST_PROXY,73,16,0.25,fixed_pauli_subset,0.9388888888888889,0.9387210452645529,0.010904312133789062,0.2,,
EXP_SIM_2_ENTANGLE_OBS_DID,KMNIST_PROXY,73,16,0.25,greedy_operator_optimized,0.9388888888888889,0.9387210452645529,0.012145757675170898,0.2,,
EXP_SIM_2_ENTANGLE_OBS_DID,KMNIST_PROXY,73,16,0.5,fixed_pauli_subset,0.9388888888888889,0.9387210452645529,0.010617494583129883,0.4,,
EXP_SIM_2_ENTANGLE_OBS_DID,KMNIST_PROXY,73,16,0.5,greedy_operator_optimized,0.9388888888888889,0.9387210452645529,0.01497197151184082,0.4,,
EXP_SIM_2_ENTANGLE_OBS_DID,KMNIST_PROXY,73,16,0.75,fixed_pauli_subset,0.9416666666666667,0.9416542022301234,0.012166500091552734,0.6000000000000001,,
EXP_SIM_2_ENTANGLE_OBS_DID,KMNIST_PROXY,73,16,0.75,greedy_operator_optimized,0.9388888888888889,0.9389144762027263,0.015483379364013672,0.6000000000000001,,
EXP_SIM_2_ENTANGLE_OBS_DID,KMNIST_PROXY,73,16,1.0,fixed_pauli_subset,0.9361111111111111,0.9358208893825332,0.01673579216003418,0.8,,
EXP_SIM_2_ENTANGLE_OBS_DID,KMNIST_PROXY,73,16,1.0,greedy_operator_optimized,0.9361111111111111,0.9358208893825332,0.01705312728881836,0.8,,
EXP_SIM_2_ENTANGLE_OBS_DID,KMNIST_PROXY,73,16,0.0,did_summary,,,,0.0,0.0,0.9434832146432665
EXP_SIM_2_ENTANGLE_OBS_DID,KMNIST_PROXY,73,16,0.25,did_summary,,,,0.2,0.002777777777777768,0.9386583881907993
EXP_SIM_2_ENTANGLE_OBS_DID,KMNIST_PROXY,73,16,0.5,did_summary,,,,0.4,0.002777777777777768,0.9386329942279392
EXP_SIM_2_ENTANGLE_OBS_DID,KMNIST_PROXY,73,16,0.75,did_summary,,,,0.6000000000000001,0.0,0.9386123900943332
EXP_SIM_2_ENTANGLE_OBS_DID,KMNIST_PROXY,73,16,1.0,did_summary,,,,0.8,0.002777777777777768,0.9357732219166226
EXP_SIM_2_ENTANGLE_OBS_DID,KMNIST_PROXY,73,32,0.0,fixed_pauli_subset,0.9027777777777778,0.9020554396635212,0.09425163269042969,0.0,,
EXP_SIM_2_ENTANGLE_OBS_DID,KMNIST_PROXY,73,32,0.0,greedy_operator_optimized,0.9027777777777778,0.9015844887013728,0.09692239761352539,0.0,,
EXP_SIM_2_ENTANGLE_OBS_DID,KMNIST_PROXY,73,32,0.25,fixed_pauli_subset,0.8916666666666667,0.8908680389328781,0.09463357925415039,0.2,,
EXP_SIM_2_ENTANGLE_OBS_DID,KMNIST_PROXY,73,32,0.25,greedy_operator_optimized,0.8888888888888888,0.8875443243236676,0.09461832046508789,0.2,,
EXP_SIM_2_ENTANGLE_OBS_DID,KMNIST_PROXY,73,32,0.5,fixed_pauli_subset,0.8916666666666667,0.8908680389328781,0.0768270492553711,0.4,,
EXP_SIM_2_ENTANGLE_OBS_DID,KMNIST_PROXY,73,32,0.5,greedy_operator_optimized,0.8888888888888888,0.8875443243236676,0.07038044929504395,0.4,,
EXP_SIM_2_ENTANGLE_OBS_DID,KMNIST_PROXY,73,32,0.75,fixed_pauli_subset,0.8944444444444445,0.894266736724818,0.10337162017822266,0.6000000000000001,,
EXP_SIM_2_ENTANGLE_OBS_DID,KMNIST_PROXY,73,32,0.75,greedy_operator_optimized,0.8916666666666667,0.8913617260997952,0.05152320861816406,0.6000000000000001,,
EXP_SIM_2_ENTANGLE_OBS_DID,KMNIST_PROXY,73,32,1.0,fixed_pauli_subset,0.875,0.8757183984883519,0.10723471641540527,0.8,,
EXP_SIM_2_ENTANGLE_OBS_DID,KMNIST_PROXY,73,32,1.0,greedy_operator_optimized,0.8777777777777778,0.8785911559779759,0.07366514205932617,0.8,,
EXP_SIM_2_ENTANGLE_OBS_DID,KMNIST_PROXY,73,32,0.0,did_summary,,,,0.0,0.0,0.9008660374747383
EXP_SIM_2_ENTANGLE_OBS_DID,KMNIST_PROXY,73,32,0.25,did_summary,,,,0.2,-0.002777777777777879,0.8869963698916965
EXP_SIM_2_ENTANGLE_OBS_DID,KMNIST_PROXY,73,32,0.5,did_summary,,,,0.4,-0.002777777777777879,0.8874168139033847
EXP_SIM_2_ENTANGLE_OBS_DID,KMNIST_PROXY,73,32,0.75,did_summary,,,,0.6000000000000001,-0.002777777777777768,0.8901177183787029
EXP_SIM_2_ENTANGLE_OBS_DID,KMNIST_PROXY,73,32,1.0,did_summary,,,,0.8,0.002777777777777768,0.8759687791930304
EXP_SIM_2_ENTANGLE_OBS_DID,KMNIST_PROXY,73,48,0.0,fixed_pauli_subset,0.8666666666666667,0.8658730779121069,0.11054682731628418,0.0,,
EXP_SIM_2_ENTANGLE_OBS_DID,KMNIST_PROXY,73,48,0.0,greedy_operator_optimized,0.8722222222222222,0.8713375600793298,0.11196446418762207,0.0,,
EXP_SIM_2_ENTANGLE_OBS_DID,KMNIST_PROXY,73,48,0.25,fixed_pauli_subset,0.8611111111111112,0.8604137642093141,0.0523989200592041,0.2,,
EXP_SIM_2_ENTANGLE_OBS_DID,KMNIST_PROXY,73,48,0.25,greedy_operator_optimized,0.8611111111111112,0.860865774450452,0.10662412643432617,0.2,,
EXP_SIM_2_ENTANGLE_OBS_DID,KMNIST_PROXY,73,48,0.5,fixed_pauli_subset,0.8611111111111112,0.8604137642093141,0.03429412841796875,0.4,,
EXP_SIM_2_ENTANGLE_OBS_DID,KMNIST_PROXY,73,48,0.5,greedy_operator_optimized,0.8611111111111112,0.860865774450452,0.08265948295593262,0.4,,
EXP_SIM_2_ENTANGLE_OBS_DID,KMNIST_PROXY,73,48,0.75,fixed_pauli_subset,0.8416666666666667,0.8421524541428609,0.10664701461791992,0.6000000000000001,,
EXP_SIM_2_ENTANGLE_OBS_DID,KMNIST_PROXY,73,48,0.75,greedy_operator_optimized,0.8388888888888889,0.8392437935963365,0.05267024040222168,0.6000000000000001,,
EXP_SIM_2_ENTANGLE_OBS_DID,KMNIST_PROXY,73,48,1.0,fixed_pauli_subset,0.8222222222222222,0.8233060193785603,0.10672235488891602,0.8,,
EXP_SIM_2_ENTANGLE_OBS_DID,KMNIST_PROXY,73,48,1.0,greedy_operator_optimized,0.8194444444444444,0.8200579524813618,0.12555217742919922,0.8,,
EXP_SIM_2_ENTANGLE_OBS_DID,KMNIST_PROXY,73,48,0.0,did_summary,,,,0.0,0.0,0.8699971093071832
EXP_SIM_2_ENTANGLE_OBS_DID,KMNIST_PROXY,73,48,0.25,did_summary,,,,0.2,-0.005555555555555536,0.8595208806461758
EXP_SIM_2_ENTANGLE_OBS_DID,KMNIST_PROXY,73,48,0.5,did_summary,,,,0.4,-0.005555555555555536,0.8599415749973721
EXP_SIM_2_ENTANGLE_OBS_DID,KMNIST_PROXY,73,48,0.75,did_summary,,,,0.6000000000000001,-0.008333333333333304,0.8372957163386875
EXP_SIM_2_ENTANGLE_OBS_DID,KMNIST_PROXY,73,48,1.0,did_summary,,,,0.8,-0.008333333333333304,0.8171216991212633
